bgn,end,bs_threshold,window,ch,insulation_score,boundary_strength
100000,110000,0.9,130000,chr1,-0.3972847312285627,0.9444182690953358
670000,680000,0.9,130000,chr1,-0.4104092387943925,0.9523251193858627
1080000,1090000,0.9,130000,chr1,-0.5756977885915984,1.0672376934859429
1340000,1350000,0.9,130000,chr1,-1.1641648091030639,1.8934589476585841
1630000,1640000,0.9,130000,chr1,-0.45822845002819546,1.1035035601071121
2260000,2270000,0.9,130000,chr1,-0.40629386031208714,0.891232355795618
2440000,2450000,0.9,130000,chr1,-0.9896927428734572,1.4140504317065132
3640000,3650000,0.9,130000,chr1,-1.6183591959484003,2.5682653369094646
6140000,6150000,0.9,130000,chr1,-0.5468390821864776,0.9392855061206351
6650000,6660000,0.9,130000,chr1,-0.6300501615193941,0.8011250765015677
7500000,7510000,0.9,130000,chr1,-0.9414089882201971,1.4222152010740117
7930000,7940000,0.9,130000,chr1,-0.7009437175840114,0.9571406195988587
8680000,8690000,0.9,130000,chr1,-0.7053491660372334,1.2127100327537859
9250000,9260000,0.9,130000,chr1,-0.48406945099217596,0.8854845309052479
9470000,9480000,0.9,130000,chr1,-0.5472043699458853,0.7845344346127461
12410000,12420000,0.9,130000,chr1,-0.8707977326443542,1.4474484871447062
13220000,13230000,0.9,130000,chr1,-0.4434957389907665,0.8438914120282243
13910000,13920000,0.9,130000,chr1,-0.584258359441004,1.0503499834731511
15270000,15280000,0.9,130000,chr1,-0.5110538954430818,0.7679683853998156
16460000,16470000,0.9,130000,chr1,-0.641693702229648,1.1183212791092945
16690000,16700000,0.9,130000,chr1,-0.9977362075643104,1.5934347090148655
17510000,17520000,0.9,130000,chr1,-0.5376428687011062,0.9527692400309228
17730000,17740000,0.9,130000,chr1,-0.52518074636603,0.9742023568890015
19110000,19120000,0.9,130000,chr1,-0.4056492471311422,0.9406482254366508
20550000,20560000,0.9,130000,chr1,-0.5947628909835793,1.0916535241215028
21550000,21560000,0.9,130000,chr1,-0.47653639345872795,0.8033709590077079
21960000,21970000,0.9,130000,chr1,-0.4915181479193249,0.773826589396559
22870000,22880000,0.9,130000,chr1,-0.5043587162462377,0.9930133864732782
23910000,23920000,0.9,130000,chr1,-0.9235156868026244,1.5228490224763216
26050000,26060000,0.9,130000,chr1,-0.5143862447170687,1.009085070034338
26440000,26450000,0.9,130000,chr1,-0.46252772166926964,1.2691380961453849
29150000,29160000,0.9,130000,chr1,-0.43489466243012254,1.0599963678165905
29770000,29780000,0.9,130000,chr1,-0.368270050332484,0.9491091921289982
30520000,30530000,0.9,130000,chr1,-0.5957028037923042,1.3174014056399677
31710000,31720000,0.9,130000,chr1,-0.5160510881752053,1.1577121635128331
35940000,35950000,0.9,130000,chr1,-0.5408255832499705,1.0958930504914208
36230000,36240000,0.9,130000,chr1,-0.45834822972665146,0.812604478929878
36740000,36750000,0.9,130000,chr1,-0.5222461265870083,0.9063148927294785
38140000,38150000,0.9,130000,chr1,-0.735799655440176,1.5797944721664394
38360000,38370000,0.9,130000,chr1,-0.6280578026317023,1.2118694513595922
38800000,38810000,0.9,130000,chr1,-0.6246445972438298,0.8019043173498352
39860000,39870000,0.9,130000,chr1,-0.42529303310511624,0.8247368987826365
40720000,40730000,0.9,130000,chr1,-1.4562238474429177,2.406129988403982
41570000,41580000,0.9,130000,chr1,-0.9134534166200177,1.176427708549622
43930000,43940000,0.9,130000,chr1,-0.5762948322713711,0.8665692186458358
46030000,46040000,0.9,130000,chr1,-0.9107501618938472,1.404312208087055
46270000,46280000,0.9,130000,chr1,-0.37312154936262343,0.9214233186168734
46840000,46850000,0.9,130000,chr1,-0.4278745763586571,0.9102911490248244
47160000,47170000,0.9,130000,chr1,-0.6540775102583977,1.3331605310060293
47480000,47490000,0.9,130000,chr1,-0.4538319801211574,1.1698724121135382
49920000,49930000,0.9,130000,chr1,-1.0170298010857,1.6552539217663411
50820000,50830000,0.9,130000,chr1,-0.269648026165137,0.7777188411634954
51040000,51050000,0.9,130000,chr1,-0.2802681831902094,0.8454071976396986
51400000,51410000,0.9,130000,chr1,-0.3709071284642788,0.8660880753130072
52130000,52140000,0.9,130000,chr1,-0.4995023928300522,1.0807108192966608
52770000,52780000,0.9,130000,chr1,-0.47076141125957616,0.9559804590436357
54180000,54190000,0.9,130000,chr1,-0.38669699792384393,0.9663736585409406
55740000,55750000,0.9,130000,chr1,-0.44970429700912246,1.0700657034576952
58930000,58940000,0.9,130000,chr1,-1.0775763467882329,1.942945663326109
380000,390000,0.9,150000,chr2,-0.8937286679494554,1.6072842822575115
1600000,1610000,0.9,150000,chr2,-0.32712158558040494,0.8247181405387132
1950000,1960000,0.9,150000,chr2,-0.26648509749485566,0.7407979903839886
2180000,2190000,0.9,150000,chr2,-0.4677203144579748,0.7898131279558687
4040000,4050000,0.9,150000,chr2,-0.5369786603786951,1.042695511424864
4380000,4390000,0.9,150000,chr2,-0.44879902927127374,0.7792712637253553
5190000,5200000,0.9,150000,chr2,-0.48539114914977893,0.9221758601897183
7690000,7700000,0.9,150000,chr2,-0.3727249733431884,0.7754068408224203
8080000,8090000,0.9,150000,chr2,-0.516599155914962,0.9318319376382282
9520000,9530000,0.9,150000,chr2,-0.4827668866818387,0.844289460725075
11640000,11650000,0.9,150000,chr2,-0.6209490164812551,1.2890009267731142
12420000,12430000,0.9,150000,chr2,-0.4495136644862978,1.096717197129542
12840000,12850000,0.9,150000,chr2,-0.4309080453443272,0.8333171981620204
13690000,13700000,0.9,150000,chr2,-2.4262038423180954,3.201443770922839
16170000,16180000,0.9,150000,chr2,-0.6650209652478025,1.370399216605009
17080000,17090000,0.9,150000,chr2,-0.41871756324132225,0.9094138808621364
18670000,18680000,0.9,150000,chr2,-0.5549254275586196,1.1075767263509677
20420000,20430000,0.9,150000,chr2,-0.4237016354011496,0.7559920370017709
21880000,21890000,0.9,150000,chr2,-0.45522268108242425,0.9585735147065073
22120000,22130000,0.9,150000,chr2,-0.18268942014101414,0.7553000112744122
22580000,22590000,0.9,150000,chr2,-0.47913893680117925,0.74828343630709
24060000,24070000,0.9,150000,chr2,-0.8924419001790745,1.5624143561630606
25540000,25550000,0.9,150000,chr2,-0.45039927976623384,0.8180872536408185
26710000,26720000,0.9,150000,chr2,-0.5981535737492318,1.2223812360047819
27310000,27320000,0.9,150000,chr2,-0.495368438281554,0.9038491618610343
27580000,27590000,0.9,150000,chr2,-0.5106245140912001,0.9168337752044695
28230000,28240000,0.9,150000,chr2,-2.997155424742013,3.7185317939260534
28370000,28380000,0.9,150000,chr2,-2.713935514846844,1.9193189593115252
28690000,28700000,0.9,150000,chr2,-3.3248591299159744,4.100099058520718
30900000,30910000,0.9,150000,chr2,-0.615380424072118,1.1647940152067635
31860000,31870000,0.9,150000,chr2,-0.4659387636604358,0.7372648415528036
32260000,32270000,0.9,150000,chr2,-0.4159350023232595,0.777244963993071
32840000,32850000,0.9,150000,chr2,-0.4938483470766767,1.0562106132663969
33210000,33220000,0.9,150000,chr2,-0.5442833900213417,0.963251610415073
33930000,33940000,0.9,150000,chr2,-0.6528485619081779,1.284321053686448
34130000,34140000,0.9,150000,chr2,-0.7732105103637564,1.5164780399489737
35580000,35590000,0.9,150000,chr2,-0.4905722566648123,0.7728353080512249
36490000,36500000,0.9,150000,chr2,-0.53496014524019,1.0449472193473492
39510000,39520000,0.9,150000,chr2,-0.46359292574053085,0.9013452121907389
39760000,39770000,0.9,150000,chr2,-0.8053082627268803,1.4586689005591573
40200000,40210000,0.9,150000,chr2,-0.8291894591681156,1.3499259369143344
40880000,40890000,0.9,150000,chr2,-0.7703120321256475,1.0228039536487803
41520000,41530000,0.9,150000,chr2,-0.9541759062140297,1.6317294707016838
42390000,42400000,0.9,150000,chr2,-0.6875053890306687,1.149861458900678
43950000,43960000,0.9,150000,chr2,-0.4555322026523944,0.8953954083343649
44980000,44990000,0.9,150000,chr2,-0.4954309835704373,0.8792036512865877
45490000,45500000,0.9,150000,chr2,-0.5187482769627075,0.9387281619919438
47270000,47280000,0.9,150000,chr2,-0.5667828581846954,1.1199830543090323
48410000,48420000,0.9,150000,chr2,-0.5305651613937769,1.1604809234418807
50060000,50070000,0.9,150000,chr2,-0.416746489679868,0.8940834843227927
53670000,53680000,0.9,150000,chr2,-3.2281590359442176,3.2837764541936534
53880000,53890000,0.9,150000,chr2,-3.2813000696337515,4.034974308731506
54850000,54860000,0.9,150000,chr2,-0.39144227378695307,0.8650660939003789
55200000,55210000,0.9,150000,chr2,-0.355329274989978,0.8133227861759798
56910000,56920000,0.9,150000,chr2,-2.2130495943648656,2.7014723875650875
57220000,57230000,0.9,150000,chr2,-1.1279061392276788,1.0936526039031662
57440000,57450000,0.9,150000,chr2,-0.2508989220066362,0.9191999658242626
58730000,58740000,0.9,150000,chr2,-1.4787150316543176,2.2500394526042045
1080000,1090000,0.9,120000,chr3,-0.5450524919790924,1.1806432914169047
5120000,5130000,0.9,120000,chr3,-2.0464080262744004,2.879224112048414
6690000,6700000,0.9,120000,chr3,-1.5365025059656687,2.3691199453635607
6980000,6990000,0.9,120000,chr3,-0.33048780198478894,0.8938858461358479
7610000,7620000,0.9,120000,chr3,-0.2419981603667432,0.9779262637966988
9330000,9340000,0.9,120000,chr3,-2.3339043827237487,3.1487741121357313
9900000,9910000,0.9,120000,chr3,-1.2195391880647382,1.4691289449034564
10450000,10460000,0.9,120000,chr3,-2.1528554846549133,2.8841934890989616
11860000,11870000,0.9,120000,chr3,-2.3930296459428724,3.2141084769904182
12120000,12130000,0.9,120000,chr3,-1.252502782450744,1.5237322806820606
12560000,12570000,0.9,120000,chr3,-1.1078448285670133,1.6766081814935903
12860000,12870000,0.9,120000,chr3,-0.7164005492149008,1.090778418914151
13150000,13160000,0.9,120000,chr3,-0.7205936895501653,1.0912372014086067
13960000,13970000,0.9,120000,chr3,-0.916434054313731,1.2888668879040863
15060000,15070000,0.9,120000,chr3,-0.6679836633780101,1.0359870068007018
17710000,17720000,0.9,120000,chr3,-1.0740235003960394,1.533149654596823
18840000,18850000,0.9,120000,chr3,-0.5378805359349215,0.9282969053128456
20070000,20080000,0.9,120000,chr3,-0.6329140771472181,1.2443193280598022
22030000,22040000,0.9,120000,chr3,-0.9379065315077711,1.5924470298399218
23230000,23240000,0.9,120000,chr3,-0.5759793419285609,1.004281420909439
24980000,24990000,0.9,120000,chr3,-0.8267873704002814,1.1956536997672724
26350000,26360000,0.9,120000,chr3,-0.8506633773372045,1.5673657782171042
27580000,27590000,0.9,120000,chr3,-0.6782655126706328,1.2358573940346331
28950000,28960000,0.9,120000,chr3,-0.6959751663900603,1.074907499533818
29860000,29870000,0.9,120000,chr3,-0.7172991426355416,1.297965724141679
32310000,32320000,0.9,120000,chr3,-0.4897000991451016,0.888377708339704
33460000,33470000,0.9,120000,chr3,-0.7302858282904261,1.0097628288282492
34110000,34120000,0.9,120000,chr3,-0.7414250347199429,1.4247871246839225
35400000,35410000,0.9,120000,chr3,-0.7052776928544349,0.9950184783561886
36420000,36430000,0.9,120000,chr3,-0.46057950662460323,1.0284583474382947
40290000,40300000,0.9,120000,chr3,-0.5120129221177105,1.0953594157187303
41530000,41540000,0.9,120000,chr3,-0.6287270105507435,1.3348767572353153
42910000,42920000,0.9,120000,chr3,-1.040223265965046,1.549241822175662
43370000,43380000,0.9,120000,chr3,-0.8541985262734616,1.2861892700487814
45180000,45190000,0.9,120000,chr3,-0.5401248874983369,0.9688323164849997
45770000,45780000,0.9,120000,chr3,-0.6669949424875896,1.0408376824820986
46900000,46910000,0.9,120000,chr3,-1.9179482874944733,2.720460417304361
48220000,48230000,0.9,120000,chr3,-0.5368104714384858,0.9411430642077181
48560000,48570000,0.9,120000,chr3,-0.7398050343729022,1.2342292778929784
49000000,49010000,0.9,120000,chr3,-0.6102743901517551,0.988622383787612
50040000,50050000,0.9,120000,chr3,-0.60188943804921,0.9892591893204006
52910000,52920000,0.9,120000,chr3,-0.49833097814217336,1.2906213421425914
53240000,53250000,0.9,120000,chr3,-0.47049110930841825,1.0808922874768627
53500000,53510000,0.9,120000,chr3,-0.4690193863989265,1.0549551450755843
53740000,53750000,0.9,120000,chr3,-0.702628864083585,0.8831226895299853
54600000,54610000,0.9,120000,chr3,-0.7418016581416927,1.5232324096365977
55370000,55380000,0.9,120000,chr3,-0.7321825512089414,1.3088198804178774
56930000,56940000,0.9,120000,chr3,-0.671535254908176,1.0820661848448747
57580000,57590000,0.9,120000,chr3,-0.6568033613912985,1.1752995094931902
58170000,58180000,0.9,120000,chr3,-0.4528962632235103,0.8954019822600139
58880000,58890000,0.9,120000,chr3,-1.1072707030011522,1.3701195895517422
59080000,59090000,0.9,120000,chr3,-0.9343660981962137,1.1210032389197415
59420000,59430000,0.9,120000,chr3,-1.3745129756808814,1.7956228383654171
60510000,60520000,0.9,120000,chr3,-2.501152810732633,3.3339688965066463
61390000,61400000,0.9,120000,chr3,-0.5945598986363116,1.1844169880974609
280000,290000,0.9,130000,chr4,-0.7127828846662244,1.8852998987578218
1000000,1010000,0.9,130000,chr4,-0.9731861667879195,1.6187825457965772
1470000,1480000,0.9,130000,chr4,-0.44223860991977193,0.9903548035769073
2270000,2280000,0.9,130000,chr4,-0.4809508599295248,1.0884908365479118
3410000,3420000,0.9,130000,chr4,-0.6146852911170053,1.2297866815514777
4980000,4990000,0.9,130000,chr4,-1.0979343796267922,1.5522374863177577
5460000,5470000,0.9,130000,chr4,-1.110739619364807,2.0133879255646567
5910000,5920000,0.9,130000,chr4,-0.9442028999856008,1.5657892205945845
7540000,7550000,0.9,130000,chr4,-0.8386648870743841,1.5537598131110282
8720000,8730000,0.9,130000,chr4,-0.3915235127936968,0.9507466759992673
9650000,9660000,0.9,130000,chr4,-0.4066117540317475,1.0064976152655127
10800000,10810000,0.9,130000,chr4,-0.4957345428833077,1.3218411448262217
11460000,11470000,0.9,130000,chr4,-0.39887601256861854,1.147936571151144
11790000,11800000,0.9,130000,chr4,-1.1169641265256025,2.17092459023083
12040000,12050000,0.9,130000,chr4,-0.4854626694369527,1.2797234345780883
12760000,12770000,0.9,130000,chr4,-0.26590814617974246,1.0326483803803979
12990000,13000000,0.9,130000,chr4,-0.5801572641371894,1.4323943079845767
13920000,13930000,0.9,130000,chr4,-0.3435237312896857,1.0201250319104407
14180000,14190000,0.9,130000,chr4,-0.7039257875515522,1.576559188448329
14720000,14730000,0.9,130000,chr4,-0.2950836489487861,1.0018350760837547
16310000,16320000,0.9,130000,chr4,-0.47682205662722876,1.3506652567929078
16760000,16770000,0.9,130000,chr4,-0.23942759857596396,1.0567137672990858
24610000,24620000,0.9,130000,chr4,-0.4142316377523145,0.9400594657404011
25180000,25190000,0.9,130000,chr4,-0.42558619782085544,1.353061454053849
26850000,26860000,0.9,130000,chr4,-0.4093501142332131,1.38900745049021
28060000,28070000,0.9,130000,chr4,-0.19504496894219145,1.1498564379690501
28540000,28550000,0.9,130000,chr4,-0.40863858663253183,1.3503179961360097
29840000,29850000,0.9,130000,chr4,-0.41813327555867985,1.4040665533312509
72200000,72210000,0.9,130000,chr4,-2.3564689362027997,3.5289859502943974
72890000,72900000,0.9,130000,chr4,-1.4556966463921661,2.244285620495229
74090000,74100000,0.9,130000,chr4,-1.6136929504660391,2.4461539100802554
74380000,74390000,0.9,130000,chr4,-0.7122025121293718,1.3401748594824836
74700000,74710000,0.9,130000,chr4,-0.0035262787763585294,0.9365907002280125
75080000,75090000,0.9,130000,chr4,-1.613569890462939,2.6306330606106307
75300000,75310000,0.9,130000,chr4,-0.8497691558910713,1.4166584534619684
77270000,77280000,0.9,130000,chr4,-2.071330377215936,3.22722094337319
77540000,77550000,0.9,130000,chr4,-1.674816139129129,1.9953359343306611
460000,470000,0.9,150000,chr5,-0.5758133237120321,0.9320347004088174
1170000,1180000,0.9,150000,chr5,-0.7440144071960784,1.1069788265318432
1520000,1530000,0.9,150000,chr5,-1.7409818430896085,2.0682872711322284
2400000,2410000,0.9,150000,chr5,-2.2989142781127585,2.717188213448432
2780000,2790000,0.9,150000,chr5,-2.651638285578018,3.4090663458834265
5170000,5180000,0.9,150000,chr5,-0.47194960368967903,0.8935648610037634
6380000,6390000,0.9,150000,chr5,-0.7443517152449048,1.2353753625685835
6670000,6680000,0.9,150000,chr5,-0.672449364914644,1.14870205230581
7470000,7480000,0.9,150000,chr5,-0.7840794371997346,1.327376462869574
9070000,9080000,0.9,150000,chr5,-0.3897701397476631,0.8227122946409188
10080000,10090000,0.9,150000,chr5,-0.3853528017375166,0.8522860941053888
12020000,12030000,0.9,150000,chr5,-0.4973614941887813,0.845698230923974
12500000,12510000,0.9,150000,chr5,-0.6301873727672463,1.1740547309169498
13630000,13640000,0.9,150000,chr5,-0.4717753003142199,1.0340350263213207
15340000,15350000,0.9,150000,chr5,-0.6281484896289102,1.1782103211100856
15900000,15910000,0.9,150000,chr5,-0.5870955093021528,0.8664447215069164
16130000,16140000,0.9,150000,chr5,-0.5098991395313568,1.0391908021462135
18050000,18060000,0.9,150000,chr5,-0.6546521106843924,0.8576047802969142
18880000,18890000,0.9,150000,chr5,-0.8689052766785607,1.4697184551479854
20470000,20480000,0.9,150000,chr5,-0.673409146977167,0.837917466987485
22160000,22170000,0.9,150000,chr5,-1.0907650003716545,1.785774761085845
22470000,22480000,0.9,150000,chr5,-0.5432054101862605,1.1244952781511643
24520000,24530000,0.9,150000,chr5,-0.7434973413400284,1.312628256268758
25310000,25320000,0.9,150000,chr5,-0.47753248957724975,0.9620579680224209
26070000,26080000,0.9,150000,chr5,-0.6511005433863242,1.1044843284447927
26930000,26940000,0.9,150000,chr5,-0.6854533197610984,0.977069146427788
27400000,27410000,0.9,150000,chr5,-0.813523343370735,1.5334150015350436
28290000,28300000,0.9,150000,chr5,-0.746821566488451,1.1629045892694423
29850000,29860000,0.9,150000,chr5,-0.466704148550841,0.8714265899049629
30350000,30360000,0.9,150000,chr5,-0.5401697286903324,0.8940701790288614
31030000,31040000,0.9,150000,chr5,-0.6507263632699787,1.168892179513593
31690000,31700000,0.9,150000,chr5,-0.568226137597034,0.938990762598874
33220000,33230000,0.9,150000,chr5,-0.5610433644893174,0.8281532781655735
34530000,34540000,0.9,150000,chr5,-0.8435419350402958,1.51251338376459
34980000,34990000,0.9,150000,chr5,-0.40650776413677675,0.9323817519041555
35490000,35500000,0.9,150000,chr5,-0.6678719681208865,1.2341521796723658
35980000,35990000,0.9,150000,chr5,-0.6536422302254798,0.8149023541877644
36420000,36430000,0.9,150000,chr5,-0.5596480925507097,0.9484236001328413
37760000,37770000,0.9,150000,chr5,-0.50462788281354,0.85763802941032
39160000,39170000,0.9,150000,chr5,-0.5668930616896565,1.0109489309284823
40520000,40530000,0.9,150000,chr5,-0.5102106221082455,0.9779912104158599
40840000,40850000,0.9,150000,chr5,-0.5831334002991769,1.1322975510969626
41480000,41490000,0.9,150000,chr5,-0.5469451884577486,1.0979950248631545
44340000,44350000,0.9,150000,chr5,-0.8211771029751739,1.4162106510307693
44630000,44640000,0.9,150000,chr5,-0.41516956795536214,0.902595231766534
45650000,45660000,0.9,150000,chr5,-0.7461263765060612,1.2808416242400762
47780000,47790000,0.9,150000,chr5,-2.271424186413263,3.028852246718672
48180000,48190000,0.9,150000,chr5,-0.44882092970348386,0.936723237027145
49020000,49030000,0.9,150000,chr5,-0.689218643908007,1.3464704051219019
50590000,50600000,0.9,150000,chr5,-0.5075829751593367,1.0101140553240797
52230000,52240000,0.9,150000,chr5,-0.48281199722672125,1.0860187841459732
54710000,54720000,0.9,150000,chr5,-0.40458387861578243,0.9306072404355328
56430000,56440000,0.9,150000,chr5,-0.4858548140964041,1.057542336185743
56940000,56950000,0.9,150000,chr5,-0.48345046638062716,0.8685775441924066
57910000,57920000,0.9,150000,chr5,-0.399168532277715,0.827742845823409
58670000,58680000,0.9,150000,chr5,-0.6200097223740717,1.1132273261480998
59580000,59590000,0.9,150000,chr5,-0.619340334690164,0.8940062588268451
61340000,61350000,0.9,150000,chr5,-0.708029940592753,1.3899794250597617
62000000,62010000,0.9,150000,chr5,-0.5281160168482928,0.8088502838086125
62360000,62370000,0.9,150000,chr5,-0.5584616894871646,0.9244767177548393
63660000,63670000,0.9,150000,chr5,-0.6400268550959506,1.0617863660018998
66460000,66470000,0.9,150000,chr5,-0.34625359678118384,0.9667654805826799
67490000,67500000,0.9,150000,chr5,-0.6554596783056805,1.2593531172025307
67810000,67820000,0.9,150000,chr5,-0.5327921935103366,0.843295574757501
70330000,70340000,0.9,150000,chr5,-0.45686478480134557,0.9659188040267634
70620000,70630000,0.9,150000,chr5,-1.0436060733312125,1.7869992096054665
71680000,71690000,0.9,150000,chr5,-0.5778159420921523,0.972349531704676
71920000,71930000,0.9,150000,chr5,-0.5510665381040707,1.0091665841985338
360000,370000,0.9,220000,chr6,-0.8685718634156213,1.4969057948166595
680000,690000,0.9,220000,chr6,-0.6286663340132765,0.7828075532177824
1090000,1100000,0.9,220000,chr6,-2.2532845478698915,3.02048300622507
1580000,1590000,0.9,220000,chr6,-0.8441768447878809,0.7907429821244736
1810000,1820000,0.9,220000,chr6,-1.2234386985993726,1.6789088626176796
5810000,5820000,0.9,220000,chr6,-0.4913905428746184,0.82040461554076
6390000,6400000,0.9,220000,chr6,-0.6408980709931353,1.0189694529265094
7860000,7870000,0.9,220000,chr6,-0.7897072702499974,1.1524185142585568
9180000,9190000,0.9,220000,chr6,-0.4891367824819725,0.6991011851430318
9930000,9940000,0.9,220000,chr6,-0.607912240649526,0.7059217763543474
10680000,10690000,0.9,220000,chr6,-0.7916035168164074,1.2147227088324857
14300000,14310000,0.9,220000,chr6,-0.40117641687627903,0.87816871030047
14990000,15000000,0.9,220000,chr6,-0.6855483698087603,1.246869819855152
15890000,15900000,0.9,220000,chr6,-0.5031054418082201,1.097831446594798
18140000,18150000,0.9,220000,chr6,-0.15721901401530422,0.8206612885477549
19680000,19690000,0.9,220000,chr6,-0.15391111255606565,0.753322617073725
21530000,21540000,0.9,220000,chr6,-0.30217291292065557,0.9218829994354205
22990000,23000000,0.9,220000,chr6,-0.2929223805788973,0.8835859109850664
23670000,23680000,0.9,220000,chr6,-2.8297315766716373,3.6355627189031128
24650000,24660000,0.9,220000,chr6,-0.3374573464418351,0.877255767131992
25140000,25150000,0.9,220000,chr6,-0.294160278182384,0.6764885860457635
26040000,26050000,0.9,220000,chr6,-0.342892242491963,0.8225091872208642
26860000,26870000,0.9,220000,chr6,-0.6853639724785393,1.2581575311057793
28200000,28210000,0.9,220000,chr6,-0.41339911835817245,0.7169301805453123
28960000,28970000,0.9,220000,chr6,-0.6147202350495969,0.951827280114405
29400000,29410000,0.9,220000,chr6,-0.6566601291804754,1.1785136824145852
31360000,31370000,0.9,220000,chr6,-0.3893412179470479,0.6849136712011594
32030000,32040000,0.9,220000,chr6,-0.3984011127801284,0.8993510231528488
32390000,32400000,0.9,220000,chr6,-0.5226512609963633,1.0734651776124329
34060000,34070000,0.9,220000,chr6,-0.43546689644456466,0.7854404668697681
34840000,34850000,0.9,220000,chr6,-0.6057689026534291,0.9603782034122967
35500000,35510000,0.9,220000,chr6,-0.3375742897164615,0.6785129603095722
36440000,36450000,0.9,220000,chr6,-0.766352274350604,1.3614559251056007
36790000,36800000,0.9,220000,chr6,-0.5361127508164913,1.218933029412483
38750000,38760000,0.9,220000,chr6,-0.4926880632232725,0.766892368776946
39510000,39520000,0.9,220000,chr6,-0.5181172675487341,0.8349528347549775
42570000,42580000,0.9,220000,chr6,-0.4228332632562625,0.8211861052232169
42950000,42960000,0.9,220000,chr6,-0.4621752340901557,1.0693379906403042
43440000,43450000,0.9,220000,chr6,-0.3663388844492852,0.7068159374796772
43910000,43920000,0.9,220000,chr6,-0.40310510344415806,0.9123293801831764
44470000,44480000,0.9,220000,chr6,-0.4128715375471439,0.713847294279457
50030000,50040000,0.9,220000,chr6,-0.44570031168298746,0.8804851555334738
50380000,50390000,0.9,220000,chr6,-0.6468931304609251,1.2072892567937274
50700000,50710000,0.9,220000,chr6,-0.483193742872428,0.7471535429622445
51530000,51540000,0.9,220000,chr6,-0.5379745171729529,0.9988520593930157
52220000,52230000,0.9,220000,chr6,-0.6824298594384346,1.4296357589884017
53400000,53410000,0.9,220000,chr6,-0.591003709207766,0.9343763900488027
54070000,54080000,0.9,220000,chr6,-0.5650409877952794,0.9462861181943824
55440000,55450000,0.9,220000,chr6,-0.45402406183360877,0.95725686858008
57410000,57420000,0.9,220000,chr6,-0.4210505813026873,1.008676098988458
59070000,59080000,0.9,220000,chr6,-1.8392389369395223,2.1485788885883452
59390000,59400000,0.9,220000,chr6,-1.76869441951868,1.833316378514929
59720000,59730000,0.9,220000,chr6,-2.1218046653936287,2.927635807625104
490000,500000,0.9,130000,chr7,-0.48147379367086796,0.9554897077126618
880000,890000,0.9,130000,chr7,-0.8647167618943429,1.3598421538244787
5190000,5200000,0.9,130000,chr7,-0.5740784767928151,1.127722029668821
6470000,6480000,0.9,130000,chr7,-0.892030508987087,1.516148332938418
7500000,7510000,0.9,130000,chr7,-0.3196615820077247,0.8617299274222725
7770000,7780000,0.9,130000,chr7,-1.0231163457287513,1.9222254688843052
9310000,9320000,0.9,130000,chr7,-0.6589562233293433,1.2099746972551637
11440000,11450000,0.9,130000,chr7,-0.9905338309179392,1.5445874683016712
13910000,13920000,0.9,130000,chr7,-0.49916674814254997,0.8560379582762119
16190000,16200000,0.9,130000,chr7,-0.597141684172546,0.8241217730895286
16580000,16590000,0.9,130000,chr7,-0.608106581973223,0.9442871478329513
18450000,18460000,0.9,130000,chr7,-0.6186731365798434,1.0445187197278087
18670000,18680000,0.9,130000,chr7,-0.5065057998392655,0.8813429499666285
19350000,19360000,0.9,130000,chr7,-0.47551255870148357,0.812434786087517
20950000,20960000,0.9,130000,chr7,-0.7798073379255425,1.2102163470776912
21620000,21630000,0.9,130000,chr7,-0.8377803403166338,1.3703303800758353
21820000,21830000,0.9,130000,chr7,-0.72206843137312,1.3293600421845053
22600000,22610000,0.9,130000,chr7,-0.5642098173262783,0.9561059420981484
25040000,25050000,0.9,130000,chr7,-0.5217395284847346,0.7786372866132311
25700000,25710000,0.9,130000,chr7,-0.690638517857806,1.2459406062702119
27030000,27040000,0.9,130000,chr7,-0.6390748512382368,1.0534928675654314
28410000,28420000,0.9,130000,chr7,-0.5939314698002868,1.0313044155329314
28990000,29000000,0.9,130000,chr7,-0.6311627130564441,1.0973046640104545
30190000,30200000,0.9,130000,chr7,-0.4791895998229981,0.787284518730641
30920000,30930000,0.9,130000,chr7,-0.5519262836598086,0.9516083410188965
31370000,31380000,0.9,130000,chr7,-0.5107363027755237,0.9320025522730426
31640000,31650000,0.9,130000,chr7,-0.35906427542659736,0.7924308109714258
31910000,31920000,0.9,130000,chr7,-0.5046113797551223,0.8688092239736289
33340000,33350000,0.9,130000,chr7,-0.6186775325960888,1.0898034158228043
34460000,34470000,0.9,130000,chr7,-0.8372747976614613,1.3225182494250411
34800000,34810000,0.9,130000,chr7,-0.4740464792651429,0.8087066225605202
35450000,35460000,0.9,130000,chr7,-0.47677324417941935,0.8147924342058619
37090000,37100000,0.9,130000,chr7,-0.4940838576990081,0.8781774785288172
37520000,37530000,0.9,130000,chr7,-0.8766411858200788,1.5299920335103274
37910000,37920000,0.9,130000,chr7,-0.6264353399395034,1.1346984903216022
38210000,38220000,0.9,130000,chr7,-0.5089465209503073,0.808070665510046
38530000,38540000,0.9,130000,chr7,-0.5203578215245932,0.8871992535705158
39360000,39370000,0.9,130000,chr7,-1.0604193693640804,1.5854614359093666
40050000,40060000,0.9,130000,chr7,-0.5828818250718463,0.9766598045576491
40550000,40560000,0.9,130000,chr7,-0.5203553458398099,1.0245855094292518
41720000,41730000,0.9,130000,chr7,-0.44167065040476505,0.7972166843939773
41890000,41900000,0.9,130000,chr7,-1.1117544790200424,1.5628460279051246
42380000,42390000,0.9,130000,chr7,-1.1555922517258124,1.7852181681915766
44430000,44440000,0.9,130000,chr7,-0.7486078847781765,1.0304480367742415
46490000,46500000,0.9,130000,chr7,-0.7570386072747661,1.0879347668007053
47230000,47240000,0.9,130000,chr7,-0.79098462694821,1.3478368643841931
48020000,48030000,0.9,130000,chr7,-0.7450943098701321,0.9340904561530249
48290000,48300000,0.9,130000,chr7,-0.5599419033182582,0.8925607423490558
49810000,49820000,0.9,130000,chr7,-0.4909375127602991,0.8742993150147962
51150000,51160000,0.9,130000,chr7,-0.5837395683945331,1.1785447953439423
51620000,51630000,0.9,130000,chr7,-0.3487203450149227,0.7933538868556035
53030000,53040000,0.9,130000,chr7,-2.7971503188160436,3.5009960354634657
53260000,53270000,0.9,130000,chr7,-0.876257098839167,1.116435734650839
53670000,53680000,0.9,130000,chr7,-0.4808022667944138,1.0310232710243366
54480000,54490000,0.9,130000,chr7,-0.44282978047608224,0.8375271328392211
54660000,54670000,0.9,130000,chr7,-0.8100895797620452,1.3561856384093414
55070000,55080000,0.9,130000,chr7,-3.87903845297522,4.778147576130774
55530000,55540000,0.9,130000,chr7,-0.557418979821849,0.8597893915217403
56160000,56170000,0.9,130000,chr7,-0.8980267648962413,1.2049104608103027
57120000,57130000,0.9,130000,chr7,-0.47401891212948194,1.1913887971212416
59570000,59580000,0.9,130000,chr7,-0.9915737620152516,1.8483564125740628
61270000,61280000,0.9,130000,chr7,-0.5215563996351531,1.0514182347374357
62430000,62440000,0.9,130000,chr7,-0.5270609191130072,0.8413073516672249
65650000,65660000,0.9,130000,chr7,-0.576685883325376,1.0428145817679957
67800000,67810000,0.9,130000,chr7,-0.5878938748109833,1.138011191892644
68240000,68250000,0.9,130000,chr7,-0.44791793326927665,0.8098724849828397
68480000,68490000,0.9,130000,chr7,-0.42756157084439567,0.7894316343742644
69480000,69490000,0.9,130000,chr7,-0.7282881758122011,1.123368874981609
70350000,70360000,0.9,130000,chr7,-0.41704949069652253,0.7824117925190681
71350000,71360000,0.9,130000,chr7,-0.8678184664199418,1.5409421719606917
72030000,72040000,0.9,130000,chr7,-0.4317141686379517,0.9348693913348496
73860000,73870000,0.9,130000,chr7,-0.6992207121887611,1.287328862104423
430000,440000,0.9,160000,chr8,-1.3623720460059898,2.1738172197291377
1390000,1400000,0.9,160000,chr8,-1.1177096529599573,1.9291548266831051
1690000,1700000,0.9,160000,chr8,-0.8484245117386466,1.3357146503736337
2930000,2940000,0.9,160000,chr8,-0.88227566475572,1.3956869875407354
3350000,3360000,0.9,160000,chr8,-0.37014744630893437,0.8358133424622476
4340000,4350000,0.9,160000,chr8,-0.5935453054666076,1.0181497411062925
4790000,4800000,0.9,160000,chr8,-0.4010428047722369,0.7973404247289683
7350000,7360000,0.9,160000,chr8,-0.8038793997354629,1.3932499297530634
7800000,7810000,0.9,160000,chr8,-0.42603398881983495,0.796364080491589
8970000,8980000,0.9,160000,chr8,-0.5955041181665496,1.0885532955659833
10010000,10020000,0.9,160000,chr8,-0.4695638580170195,1.0317139380918838
10360000,10370000,0.9,160000,chr8,-0.582246521138816,0.8046499492591542
10850000,10860000,0.9,160000,chr8,-0.6360557249062139,1.0935541949789405
11140000,11150000,0.9,160000,chr8,-0.45180557227766877,0.779519730793444
12840000,12850000,0.9,160000,chr8,-0.5246851903225133,0.9047484673371611
13980000,13990000,0.9,160000,chr8,-0.45796122386596533,0.8081922919866886
14880000,14890000,0.9,160000,chr8,-0.7741734426520706,1.182964767148105
15280000,15290000,0.9,160000,chr8,-0.8286492309667687,1.4201172007910317
16230000,16240000,0.9,160000,chr8,-0.42109980519972434,0.7073578675258605
16550000,16560000,0.9,160000,chr8,-0.6269231197070507,0.9700557681194342
17600000,17610000,0.9,160000,chr8,-0.39697335210033907,0.8403511217911619
19230000,19240000,0.9,160000,chr8,-0.31285948074054565,0.7337326929374866
20590000,20600000,0.9,160000,chr8,-0.4323714084518278,0.7731290624888054
21130000,21140000,0.9,160000,chr8,-0.5926250171518964,1.1418811690317545
22260000,22270000,0.9,160000,chr8,-0.48836220811581366,0.7561887220971107
23870000,23880000,0.9,160000,chr8,-0.8307505850225889,1.5061786678843005
25330000,25340000,0.9,160000,chr8,-0.38067930442467623,0.8051252767095485
25600000,25610000,0.9,160000,chr8,-0.4220198966046458,0.7781147663185384
28210000,28220000,0.9,160000,chr8,-0.7375351717177725,1.1698617302577203
28560000,28570000,0.9,160000,chr8,-0.7346822446990584,0.9930452391809105
30130000,30140000,0.9,160000,chr8,-0.3391875711338839,0.940553270224902
32330000,32340000,0.9,160000,chr8,-0.3846640177767641,0.9500622196521216
33140000,33150000,0.9,160000,chr8,-0.6091465117361077,1.2224298330012098
33400000,33410000,0.9,160000,chr8,-0.5837550405167392,1.1972983120513636
36970000,36980000,0.9,160000,chr8,-0.6178571271519193,1.1981061648188225
37240000,37250000,0.9,160000,chr8,-0.4845461216847588,0.814788480631859
38000000,38010000,0.9,160000,chr8,-0.18186363549535106,0.7022642387407503
40190000,40200000,0.9,160000,chr8,-0.41855223322770335,0.8873481503839146
41250000,41260000,0.9,160000,chr8,-0.7945535776011415,1.4588111374762367
42600000,42610000,0.9,160000,chr8,-0.4937444772555433,0.8857349640249785
43390000,43400000,0.9,160000,chr8,-0.5592861046156112,1.078370013442295
43730000,43740000,0.9,160000,chr8,-0.5337397001294367,1.015745943908649
44420000,44430000,0.9,160000,chr8,-0.6491039244208836,1.0500811057748454
45410000,45420000,0.9,160000,chr8,-0.8684956792487162,1.5748400490033962
47280000,47290000,0.9,160000,chr8,-0.5279531179051006,0.8711367826214322
47930000,47940000,0.9,160000,chr8,-0.473045510402226,0.7088621433573888
48490000,48500000,0.9,160000,chr8,-0.47711888371530053,0.8466695010620318
49100000,49110000,0.9,160000,chr8,-0.5499101560220118,0.9361235521340152
50150000,50160000,0.9,160000,chr8,-0.39049199877288693,0.7696011773907945
51320000,51330000,0.9,160000,chr8,-0.582062979077439,1.042996508974496
51590000,51600000,0.9,160000,chr8,-0.19718589924415672,0.8405863363787398
52480000,52490000,0.9,160000,chr8,-0.3829282022980128,1.0717758216671045
53930000,53940000,0.9,160000,chr8,-0.46316694944337194,1.1839398644265335
740000,750000,0.9,120000,chr9,-0.2617901252543299,0.8010299097299017
2010000,2020000,0.9,120000,chr9,-0.2691961141125391,0.7818686336102356
2570000,2580000,0.9,120000,chr9,-0.6904257006495257,1.275749761601787
3020000,3030000,0.9,120000,chr9,-0.2778834974796676,0.8032025814643484
3640000,3650000,0.9,120000,chr9,-0.61581280339372,1.1867825727693568
4020000,4030000,0.9,120000,chr9,-0.6455049495408863,1.1570738669291893
4860000,4870000,0.9,120000,chr9,-0.4576102876670096,0.7461489891211377
5590000,5600000,0.9,120000,chr9,-0.8268198125859838,1.4659789570207147
6380000,6390000,0.9,120000,chr9,-0.44501191592056766,0.806214322688533
6600000,6610000,0.9,120000,chr9,-0.554024303511244,1.0316737886959355
6930000,6940000,0.9,120000,chr9,-0.5637578618745824,0.8344700195496714
7760000,7770000,0.9,120000,chr9,-0.6892917273253442,1.1116897049319008
8020000,8030000,0.9,120000,chr9,-0.5943128195597519,0.7989112107976286
8640000,8650000,0.9,120000,chr9,-0.5331997112920827,0.880086996540757
9570000,9580000,0.9,120000,chr9,-0.575931477648531,0.9744463183725736
10160000,10170000,0.9,120000,chr9,-0.5672534718867718,0.8706946704805671
10790000,10800000,0.9,120000,chr9,-0.8724580159971218,1.8915070278001547
11510000,11520000,0.9,120000,chr9,-0.5581207392679521,0.8154222489010683
12260000,12270000,0.9,120000,chr9,-0.5651150325288077,0.8296256956447655
12870000,12880000,0.9,120000,chr9,-0.47593200843825406,0.826903093858917
13260000,13270000,0.9,120000,chr9,-0.5720232822061819,1.1404832050923086
13980000,13990000,0.9,120000,chr9,-0.35984556735744366,1.075641667814983
16250000,16260000,0.9,120000,chr9,-0.3501345140359432,0.7483642279760627
17420000,17430000,0.9,120000,chr9,-0.4555058258691898,0.9965862001294592
17650000,17660000,0.9,120000,chr9,-0.32688482132919994,0.7522720961206422
18580000,18590000,0.9,120000,chr9,-0.3444337665493685,0.8465733968093068
19090000,19100000,0.9,120000,chr9,-0.5482230005046012,1.185418105034933
20480000,20490000,0.9,120000,chr9,-0.7608458066289346,1.4785987528861289
20860000,20870000,0.9,120000,chr9,-0.5838901252101686,0.9813295704572165
21160000,21170000,0.9,120000,chr9,-0.6309914228420545,1.1383538130241733
21560000,21570000,0.9,120000,chr9,-0.47700967906294145,0.8369803533244597
21800000,21810000,0.9,120000,chr9,-0.6096832216867463,1.2108076774440157
22480000,22490000,0.9,120000,chr9,-0.6198415208963863,1.249100367991229
23030000,23040000,0.9,120000,chr9,-0.4419150357027557,0.8800109052281008
23740000,23750000,0.9,120000,chr9,-0.4961596910427831,0.7835518732641424
25320000,25330000,0.9,120000,chr9,-0.6847077414330549,1.0501616186994698
25980000,25990000,0.9,120000,chr9,-0.8652267411637358,1.6194778969547663
27320000,27330000,0.9,120000,chr9,-0.5607937115106185,0.7744339842554939
28100000,28110000,0.9,120000,chr9,-0.6470665102917843,0.8734641069086434
28260000,28270000,0.9,120000,chr9,-0.7205915330908309,1.190897444217623
28680000,28690000,0.9,120000,chr9,-0.5207396210655213,0.9181391042646077
31120000,31130000,0.9,120000,chr9,-0.7391333679353275,1.3970379447662498
32010000,32020000,0.9,120000,chr9,-0.5100578254001135,1.0876477832018248
32470000,32480000,0.9,120000,chr9,-0.425521332878417,0.7477100411977418
32650000,32660000,0.9,120000,chr9,-0.47863815689381506,1.1098140757986859
33380000,33390000,0.9,120000,chr9,-0.34924710884562676,0.9248685139291972
33870000,33880000,0.9,120000,chr9,-0.24508748116325949,0.7799587823907177
36880000,36890000,0.9,120000,chr9,-0.6707413263710141,1.3830341748527815
37130000,37140000,0.9,120000,chr9,-0.4636038467793463,1.025812550420973
37900000,37910000,0.9,120000,chr9,-0.4455160838695776,0.7506074338191906
39910000,39920000,0.9,120000,chr9,-0.5344232777224505,1.0634478383429535
44890000,44900000,0.9,120000,chr9,-0.4464742512334309,0.970991403820289
47430000,47440000,0.9,120000,chr9,-0.6130867144613771,1.178080278397084
49640000,49650000,0.9,120000,chr9,-0.32691557793147924,0.7850762035905617
50350000,50360000,0.9,120000,chr9,-0.5153300373507583,1.059558500917047
51130000,51140000,0.9,120000,chr9,-0.3603029637718441,0.737774567757844
51990000,52000000,0.9,120000,chr9,-0.28316649374565156,0.7500013102503027
53320000,53330000,0.9,120000,chr9,-0.2268959621366452,0.8338702933498513
54020000,54030000,0.9,120000,chr9,-1.075954842413881,1.252382919337604
54220000,54230000,0.9,120000,chr9,-3.0602213648695042,4.079270376672537
54600000,54610000,0.9,120000,chr9,-2.91998815425709,3.2011837430497025
55950000,55960000,0.9,120000,chr9,-2.1058187991959554,1.7100460572368337
56080000,56090000,0.9,120000,chr9,-2.2552568615235287,2.9279499169631213
650000,660000,0.9,160000,chr10,-0.3533592772955969,0.8349483581523914
2540000,2550000,0.9,160000,chr10,-0.6011681834253835,0.9480820719508629
3440000,3450000,0.9,160000,chr10,-0.572959644595945,0.7936985446166739
4230000,4240000,0.9,160000,chr10,-1.4264421313919624,2.3544582706854658
4580000,4590000,0.9,160000,chr10,-1.3568113232777987,1.4561856378085407
5140000,5150000,0.9,160000,chr10,-0.7477824958483237,0.9769417714155627
5820000,5830000,0.9,160000,chr10,-0.3913167569718787,0.9582259183471673
8680000,8690000,0.9,160000,chr10,-0.4802438666731859,0.9750007953045233
10170000,10180000,0.9,160000,chr10,-0.48617486534302823,1.0612298197696806
10780000,10790000,0.9,160000,chr10,-0.5573309839135498,1.143647411999346
11380000,11390000,0.9,160000,chr10,-0.7958695189991,1.4019414443466967
12830000,12840000,0.9,160000,chr10,-0.3114853890454435,0.9189065516448314
13430000,13440000,0.9,160000,chr10,-0.5521901442322876,0.9983995253044848
14490000,14500000,0.9,160000,chr10,-0.6881045953198527,1.1448736605971506
14900000,14910000,0.9,160000,chr10,-0.4020652415600442,0.830895464753764
16810000,16820000,0.9,160000,chr10,-2.0072793047236255,2.763337819929545
20070000,20080000,0.9,160000,chr10,-0.6414201923055263,0.8796996068570524
21530000,21540000,0.9,160000,chr10,-0.6720561727439855,1.0302725723912927
22110000,22120000,0.9,160000,chr10,-0.7860560197078986,1.3960325146226706
22500000,22510000,0.9,160000,chr10,-0.6533778830302828,0.8410836376307973
24310000,24320000,0.9,160000,chr10,-0.702441942980083,1.109910286522822
24710000,24720000,0.9,160000,chr10,-0.5890873280605816,0.8768861795868474
25720000,25730000,0.9,160000,chr10,-0.6081852064089978,1.0789874986465828
27960000,27970000,0.9,160000,chr10,-0.5064182263933252,0.9322796782610183
28390000,28400000,0.9,160000,chr10,-0.4203347940781689,0.8226410703765457
29940000,29950000,0.9,160000,chr10,-0.6063996932798086,1.074789428360569
31250000,31260000,0.9,160000,chr10,-0.35768631225937986,0.8152498094641472
32050000,32060000,0.9,160000,chr10,-0.5174563386847371,0.8142584184436974
32880000,32890000,0.9,160000,chr10,-0.5803819717550532,1.198110487743207
33240000,33250000,0.9,160000,chr10,-0.6463022286148428,1.125031795397928
35660000,35670000,0.9,160000,chr10,-0.4731211542216984,0.8225172218714816
36340000,36350000,0.9,160000,chr10,-0.6945144430719501,0.9232872996481084
36820000,36830000,0.9,160000,chr10,-0.8196519085006801,1.4935796262402512
38210000,38220000,0.9,160000,chr10,-0.39522910856944077,0.90523483438959
39270000,39280000,0.9,160000,chr10,-0.49220933264675565,0.9569061635951335
40320000,40330000,0.9,160000,chr10,-0.441847602641219,0.791185499472279
40820000,40830000,0.9,160000,chr10,-0.5008240312886117,1.1670857368338408
42160000,42170000,0.9,160000,chr10,-0.3475488421946218,0.8634176137366252
42370000,42380000,0.9,160000,chr10,-0.15063941329495392,0.7857260522582816
42740000,42750000,0.9,160000,chr10,-0.3638215128665464,0.8645136104461145
44260000,44270000,0.9,160000,chr10,-2.6000175555844893,3.5280336948779927
44550000,44560000,0.9,160000,chr10,-2.092914110247912,1.8674138990204672
44940000,44950000,0.9,160000,chr10,-1.013090732642876,1.3852159095471726
490000,500000,0.9,290000,chr11,-0.38002623550731796,0.9503566473158593
2690000,2700000,0.9,290000,chr11,-0.28150468069133816,0.5550864380303363
3230000,3240000,0.9,290000,chr11,-0.32813831048504744,0.6098458485316824
3990000,4000000,0.9,290000,chr11,-0.3964930361119624,1.0121445959072894
5410000,5420000,0.9,290000,chr11,-0.566065950489983,1.054330591376853
7280000,7290000,0.9,290000,chr11,-0.8160311422729831,1.5785381543425596
8180000,8190000,0.9,290000,chr11,-0.8228282806142797,1.7254148800875797
8760000,8770000,0.9,290000,chr11,-0.5029439007415367,0.7685244637105108
11860000,11870000,0.9,290000,chr11,-0.5432199336384393,1.3025373791846837
13200000,13210000,0.9,290000,chr11,-0.2710861268925204,0.7011052651945902
14100000,14110000,0.9,290000,chr11,-0.420210746043792,0.931510544100083
15480000,15490000,0.9,290000,chr11,-0.130136037370238,0.778620141640382
16120000,16130000,0.9,290000,chr11,-0.7576844413350396,1.471766726274939
16630000,16640000,0.9,290000,chr11,-0.14468709339136787,0.6110962972500407
19590000,19600000,0.9,290000,chr11,-0.4064058632954032,0.7709304956695184
20110000,20120000,0.9,290000,chr11,-0.564735087018824,1.0900096179781487
21040000,21050000,0.9,290000,chr11,-0.2786249146288375,0.5763755690134025
22360000,22370000,0.9,290000,chr11,-0.5590436023184489,1.0683020351325476
23980000,23990000,0.9,290000,chr11,-0.4254725105607729,0.780271874871513
25570000,25580000,0.9,290000,chr11,-0.5339210272208224,0.9483255056588846
26600000,26610000,0.9,290000,chr11,-1.0190428964182294,2.0884105175276604
29950000,29960000,0.9,290000,chr11,-0.6953234510290781,1.051623137982959
31670000,31680000,0.9,290000,chr11,-0.5441145971741042,0.9329123470491187
34150000,34160000,0.9,290000,chr11,-0.4963450088825854,0.7375971757010003
34570000,34580000,0.9,290000,chr11,-0.47273147084990896,0.64297854940631
35170000,35180000,0.9,290000,chr11,-0.5845571606108177,1.0761324644558636
36550000,36560000,0.9,290000,chr11,-0.5688682884363533,0.9664535428568464
37950000,37960000,0.9,290000,chr11,-0.3421962693756482,0.6141843159103857
38540000,38550000,0.9,290000,chr11,-0.4032519296579043,0.7592621135484587
39300000,39310000,0.9,290000,chr11,-1.4636252308651798,1.8486445097345316
40860000,40870000,0.9,290000,chr11,-2.230660889849753,3.3000285109591836
41190000,41200000,0.9,290000,chr11,-2.0440363501295264,1.8937903408052366
42920000,42930000,0.9,290000,chr11,-0.3548822085970241,0.7457860896089783
43430000,43440000,0.9,290000,chr11,-0.8027437710157411,1.2803704525165958
44150000,44160000,0.9,290000,chr11,-1.0004228048777306,1.892029652088985
44470000,44480000,0.9,290000,chr11,-0.7055109287287659,1.0417633468577363
1060000,1070000,0.9,150000,chr12,-0.5551241406021605,0.7350554202346576
1450000,1460000,0.9,150000,chr12,-0.5894631852352935,0.7625844658649115
1740000,1750000,0.9,150000,chr12,-0.5949209880607994,0.9308398872414125
3710000,3720000,0.9,150000,chr12,-0.5707803433903386,0.7781352717303348
3990000,4000000,0.9,150000,chr12,-0.7207109796865886,1.6119052030565733
4560000,4570000,0.9,150000,chr12,-0.5980681051950759,0.792580317683865
5490000,5500000,0.9,150000,chr12,-0.37397890110527926,0.6379045273221244
6000000,6010000,0.9,150000,chr12,-0.7063569350446687,1.1408082881859736
8370000,8380000,0.9,150000,chr12,-0.5264656739219682,0.8676268307132469
8580000,8590000,0.9,150000,chr12,-0.34668824342928517,0.83055676851912
8880000,8890000,0.9,150000,chr12,-0.28197593114010167,0.7348050264472945
9770000,9780000,0.9,150000,chr12,-0.41187231551596154,0.6505461173051338
10330000,10340000,0.9,150000,chr12,-0.4754621475118626,1.1810176347325643
13070000,13080000,0.9,150000,chr12,-0.4620323108416838,0.9145515824015169
17700000,17710000,0.9,150000,chr12,-0.433092365597988,0.68408452902173
19410000,19420000,0.9,150000,chr12,-0.6486662872275166,0.9996454975884048
19980000,19990000,0.9,150000,chr12,-0.5430232975245619,0.7462146649262473
20790000,20800000,0.9,150000,chr12,-0.6281870677137238,0.9561057878011181
21750000,21760000,0.9,150000,chr12,-0.4371817226489264,0.6636458962901095
22220000,22230000,0.9,150000,chr12,-0.3963253691446538,0.7218638726740068
22940000,22950000,0.9,150000,chr12,-0.39822760410766544,0.6792457404259656
23320000,23330000,0.9,150000,chr12,-0.6791677467958042,1.5096278868503459
23650000,23660000,0.9,150000,chr12,-0.4411892270975348,0.6791301874007601
23990000,24000000,0.9,150000,chr12,-0.4488980345676353,1.039366729789165
24780000,24790000,0.9,150000,chr12,-0.38549064184908405,0.6928891837307378
26410000,26420000,0.9,150000,chr12,-0.5191592899912066,1.1525467037100037
27020000,27030000,0.9,150000,chr12,-0.7015313849737712,1.2213885131891993
27600000,27610000,0.9,150000,chr12,-0.5505184395742682,0.8920033302489396
28350000,28360000,0.9,150000,chr12,-0.3962913468960218,0.6669722874529869
29000000,29010000,0.9,150000,chr12,-0.5402321734655877,0.8272582476547746
30530000,30540000,0.9,150000,chr12,-0.39562481094727536,0.7126514401652863
31550000,31560000,0.9,150000,chr12,-0.5300582385344912,0.9311641092678666
31790000,31800000,0.9,150000,chr12,-0.26554015148586824,0.6552599817768197
32190000,32200000,0.9,150000,chr12,-0.4035914111909296,0.769021740406713
33290000,33300000,0.9,150000,chr12,-0.7797147557325493,1.620811603427776
34420000,34430000,0.9,150000,chr12,-0.7163993451518457,0.996192021305411
34820000,34830000,0.9,150000,chr12,-0.5253665799279733,1.0359125188724676
35340000,35350000,0.9,150000,chr12,-0.29478461767438796,0.7023644807909439
35550000,35560000,0.9,150000,chr12,-0.3592779199415306,0.7669799566503408
36520000,36530000,0.9,150000,chr12,-0.6782496084112446,1.2108319222249515
37260000,37270000,0.9,150000,chr12,-0.6231925563287563,1.0515791885185486
41350000,41360000,0.9,150000,chr12,-0.5950921681471008,0.9857056477890898
41760000,41770000,0.9,150000,chr12,-0.5856300383757098,0.7373205979996689
42380000,42390000,0.9,150000,chr12,-0.9251477130883428,1.8163419364583273
42710000,42720000,0.9,150000,chr12,-0.5412280603145004,0.675091177638288
43380000,43390000,0.9,150000,chr12,-0.5912771284709314,0.9664469581640522
45130000,45140000,0.9,150000,chr12,-0.7990861708218133,1.4629741555629945
45660000,45670000,0.9,150000,chr12,-0.4709358276550442,0.9537629754205179
46070000,46080000,0.9,150000,chr12,-0.2516212688182846,0.6895595028029038
47690000,47700000,0.9,150000,chr12,-0.30188134032558284,0.7138969440805789
48290000,48300000,0.9,150000,chr12,-0.4496242315013929,0.8920255790571663
48880000,48890000,0.9,150000,chr12,-0.5643880788081059,1.0498404538712147
1080000,1090000,0.9,100000,chr13,-0.5071144811409168,1.1136214550704566
2450000,2460000,0.9,100000,chr13,-0.4214785377993488,0.849972030035411
3020000,3030000,0.9,100000,chr13,-0.4855851481058622,0.9202164358137168
3320000,3330000,0.9,100000,chr13,-0.4150218480179353,0.8415306831596057
3950000,3960000,0.9,100000,chr13,-0.46566282421493765,0.916814623532372
4630000,4640000,0.9,100000,chr13,-1.3162921780792134,2.2400885239972075
5070000,5080000,0.9,100000,chr13,-0.9838714057257477,1.4412159699276001
5830000,5840000,0.9,100000,chr13,-0.470968465994698,1.1332987075608258
5980000,5990000,0.9,100000,chr13,-0.2849443588911832,1.0204987897084967
6230000,6240000,0.9,100000,chr13,-1.2731717644575142,2.030407627747496
6660000,6670000,0.9,100000,chr13,-0.7172094668368365,1.1516368672584538
7750000,7760000,0.9,100000,chr13,-0.5742148854945213,0.9893371270971785
10240000,10250000,0.9,100000,chr13,-0.5168203334738615,0.8482164214401136
10950000,10960000,0.9,100000,chr13,-0.5975065392742751,0.9173558475032662
11480000,11490000,0.9,100000,chr13,-0.7826271809666838,1.3374505832539128
12000000,12010000,0.9,100000,chr13,-0.530619743482448,0.9333936289179094
13660000,13670000,0.9,100000,chr13,-0.7368373558223852,1.1421548222694407
13920000,13930000,0.9,100000,chr13,-0.5438479914133929,0.9528090896508747
15170000,15180000,0.9,100000,chr13,-0.40078942805415296,0.8935146290388823
15920000,15930000,0.9,100000,chr13,-0.3364976910444412,0.8290858288792371
16290000,16300000,0.9,100000,chr13,-0.42312683934210643,0.8343592462342182
17470000,17480000,0.9,100000,chr13,-0.4931527766082585,1.200107273326478
18680000,18690000,0.9,100000,chr13,-0.36842483472519005,0.8959596712476597
19270000,19280000,0.9,100000,chr13,-0.4797489648509701,0.8319315970068821
20530000,20540000,0.9,100000,chr13,-0.5565324332514994,1.2832778031769574
22090000,22100000,0.9,100000,chr13,-0.3931000853772405,0.823442778603255
22230000,22240000,0.9,100000,chr13,-0.41069573825187156,1.0196846662645052
23600000,23610000,0.9,100000,chr13,-0.4853541570485431,0.9988138171689072
24560000,24570000,0.9,100000,chr13,-0.3482486528399156,0.8277367069508536
25170000,25180000,0.9,100000,chr13,-0.480783772151177,0.9721074927435145
25840000,25850000,0.9,100000,chr13,-0.5178294483072757,0.9900584468302974
26870000,26880000,0.9,100000,chr13,-0.5093297796599693,0.9060840096723174
28250000,28260000,0.9,100000,chr13,-0.6034620957955493,1.3187058105142033
28900000,28910000,0.9,100000,chr13,-0.36526924031720964,0.8299502025368244
29510000,29520000,0.9,100000,chr13,-0.3978321178299497,0.8400763188849119
29910000,29920000,0.9,100000,chr13,-0.43819687839007804,1.0124765411051255
30230000,30240000,0.9,100000,chr13,-0.5548237906865084,1.1414941003374797
30710000,30720000,0.9,100000,chr13,-0.4127161476445143,1.1043635180798272
31070000,31080000,0.9,100000,chr13,-0.36707757368800237,0.8033419431273181
32130000,32140000,0.9,100000,chr13,-0.503230743853414,0.9128482621598044
33610000,33620000,0.9,100000,chr13,-0.48895043864524373,0.893270382991608
34670000,34680000,0.9,100000,chr13,-0.43943918889988437,0.8205151356365992
35510000,35520000,0.9,100000,chr13,-0.6144974144298033,0.9735185526869206
37670000,37680000,0.9,100000,chr13,-0.7586392029698557,1.0766912715213561
39540000,39550000,0.9,100000,chr13,-0.6923875159717187,0.9735409232868057
41780000,41790000,0.9,100000,chr13,-0.9714485563829499,1.5550664120337363
42300000,42310000,0.9,100000,chr13,-0.5613126971831481,0.8327590352659645
42770000,42780000,0.9,100000,chr13,-0.5202907815169063,0.8090118749385014
43680000,43690000,0.9,100000,chr13,-0.48508594099707913,0.9540873416774666
45650000,45660000,0.9,100000,chr13,-0.9946105993019999,1.667214514249217
46190000,46200000,0.9,100000,chr13,-0.6246525190013711,0.9917231459259029
46700000,46710000,0.9,100000,chr13,-0.7310902270458584,1.3962937171197112
47190000,47200000,0.9,100000,chr13,-0.6133598854163308,1.0870482506703414
48140000,48150000,0.9,100000,chr13,-0.4744652843143869,0.8823207182881102
49100000,49110000,0.9,100000,chr13,-0.2921378045426634,0.8123662680876111
49800000,49810000,0.9,100000,chr13,-0.5660766744090482,1.0038674685678681
50570000,50580000,0.9,100000,chr13,-1.6958831219234896,2.6196794678414834
50760000,50770000,0.9,100000,chr13,-1.594971812171139,1.6547561974808935
51050000,51060000,0.9,100000,chr13,-1.2736703143700687,1.6616326123416814
51830000,51840000,0.9,100000,chr13,-1.5143536207842265,1.9933109524049781
240000,250000,0.9,220000,chr14,-0.6798911701650924,1.1987293336892857
1510000,1520000,0.9,220000,chr14,-0.62748334149869,0.8290267060577543
1850000,1860000,0.9,220000,chr14,-1.1590875197370567,2.0776474151864335
2590000,2600000,0.9,220000,chr14,-0.4378483915341378,0.9126173005690257
3020000,3030000,0.9,220000,chr14,-0.42986663447831025,0.7567092771792785
4310000,4320000,0.9,220000,chr14,-0.3534869778928727,0.681046346282075
5400000,5410000,0.9,220000,chr14,-0.38220176268342276,0.7616038440814044
6190000,6200000,0.9,220000,chr14,-0.4973047249015229,0.8117796283680184
6930000,6940000,0.9,220000,chr14,-0.6504011762853896,1.2943436300901983
7370000,7380000,0.9,220000,chr14,-0.579823031238351,0.9969839274838738
7750000,7760000,0.9,220000,chr14,-0.6706280408014735,1.5416008722803203
9070000,9080000,0.9,220000,chr14,-0.42709733427041485,0.7523566223615561
10330000,10340000,0.9,220000,chr14,-0.43513980566459587,0.8285173946041929
11960000,11970000,0.9,220000,chr14,-0.4335482671590982,1.1402935093285418
14850000,14860000,0.9,220000,chr14,-0.3637214763550007,0.882863631461021
16050000,16060000,0.9,220000,chr14,-0.35208948397322914,0.6446636068963756
17310000,17320000,0.9,220000,chr14,-0.38943801613400936,0.8770713298916825
17640000,17650000,0.9,220000,chr14,-0.49175740356209097,0.79039727271421
20100000,20110000,0.9,220000,chr14,-1.7304942210182286,2.5154419500425513
21210000,21220000,0.9,220000,chr14,-0.33216338643686133,0.8011520258008626
21610000,21620000,0.9,220000,chr14,-0.8876048680918863,1.490605852093988
22130000,22140000,0.9,220000,chr14,-0.5806259961090687,1.070466761724218
23580000,23590000,0.9,220000,chr14,-0.37849107984348473,0.6510662480503361
25100000,25110000,0.9,220000,chr14,-0.7080696907994466,1.1405662969546244
25600000,25610000,0.9,220000,chr14,-0.3163521390712602,0.728137295910091
26840000,26850000,0.9,220000,chr14,-0.8471538595437779,1.4683986552837804
28430000,28440000,0.9,220000,chr14,-0.692029870422,1.086841223998897
30420000,30430000,0.9,220000,chr14,-0.3579869843926195,0.9886887009888679
31620000,31630000,0.9,220000,chr14,-0.2593773864400678,0.8205026718304995
32500000,32510000,0.9,220000,chr14,-0.22400878164998025,0.7709955365667537
32860000,32870000,0.9,220000,chr14,-0.4433669479509872,0.8333318794706563
33500000,33510000,0.9,220000,chr14,-0.5405958993137172,1.0792571829305633
34070000,34080000,0.9,220000,chr14,-0.5117693060934845,0.9337550418160688
34490000,34500000,0.9,220000,chr14,-0.49252846860083627,1.0067819884424691
35420000,35430000,0.9,220000,chr14,-0.7140622449059151,1.2141225632052755
35890000,35900000,0.9,220000,chr14,-0.4901193753761735,0.7646269229610051
36910000,36920000,0.9,220000,chr14,-0.5398170359273747,0.9010431496531182
38650000,38660000,0.9,220000,chr14,-0.8217588931246926,1.4491031628886029
41230000,41240000,0.9,220000,chr14,-0.6686949221128116,1.2773453167563362
42250000,42260000,0.9,220000,chr14,-0.5383660977945609,1.0607790053419843
43050000,43060000,0.9,220000,chr14,-0.5941780860983844,0.9066960198368882
43580000,43590000,0.9,220000,chr14,-0.547622306544544,0.7531930720129191
44790000,44800000,0.9,220000,chr14,-0.48777322668763473,0.7733226647518381
45630000,45640000,0.9,220000,chr14,-0.6003894614230916,1.0826419935138414
48280000,48290000,0.9,220000,chr14,-0.5862740511457265,1.0149290974545524
49240000,49250000,0.9,220000,chr14,-0.37767671542139486,0.7856409001671396
49800000,49810000,0.9,220000,chr14,-2.3563005889634208,3.2748604844127973
50060000,50070000,0.9,220000,chr14,-2.0957287154884163,1.453315196435808
51070000,51080000,0.9,220000,chr14,-0.4440879565210888,0.7655525882304257
51690000,51700000,0.9,220000,chr14,-1.15982959260687,1.6718956324873506
52220000,52230000,0.9,220000,chr14,-1.841334931487786,2.409241211859305
540000,550000,0.9,190000,chr15,-0.24882130781715334,1.0735111189927489
1030000,1040000,0.9,190000,chr15,-0.2838121590455902,0.8262933173400929
2940000,2950000,0.9,190000,chr15,-0.42754497048300355,0.8559876026479797
4600000,4610000,0.9,190000,chr15,-0.7430965885564191,1.463075665015006
5540000,5550000,0.9,190000,chr15,-0.6144862103953576,1.0485709247750665
5920000,5930000,0.9,190000,chr15,-0.5070724167027024,0.7528004746003825
8400000,8410000,0.9,190000,chr15,-0.3906526929468388,0.9526384973052145
8840000,8850000,0.9,190000,chr15,-0.464180297712004,1.0697253205014496
9060000,9070000,0.9,190000,chr15,-0.3100058193843612,0.7904532334162748
12570000,12580000,0.9,190000,chr15,-0.36554838125261474,0.8286905623486108
14770000,14780000,0.9,190000,chr15,-0.7296583456398159,1.4173617524615842
15210000,15220000,0.9,190000,chr15,-0.31325337674345455,0.8769913627450221
15780000,15790000,0.9,190000,chr15,-0.44186309134214685,1.0596013858757527
16450000,16460000,0.9,190000,chr15,-0.3984644132477568,0.8264212720421801
16870000,16880000,0.9,190000,chr15,-0.4776397842662754,0.7456017311833628
17410000,17420000,0.9,190000,chr15,-0.5153939735104814,1.1613495754120204
19310000,19320000,0.9,190000,chr15,-0.5429848298311996,1.1265962984722104
19670000,19680000,0.9,190000,chr15,-0.5148398023976722,0.7670897921723795
20540000,20550000,0.9,190000,chr15,-0.46279493168290825,0.9306849960713892
21910000,21920000,0.9,190000,chr15,-0.5351194266992765,0.8458907333642391
23200000,23210000,0.9,190000,chr15,-0.6683304933283365,1.0555003214235787
24540000,24550000,0.9,190000,chr15,-0.7849257518545815,1.1896067256565588
25910000,25920000,0.9,190000,chr15,-0.574878730337494,0.8333060140879194
26930000,26940000,0.9,190000,chr15,-0.9996912095940468,1.771824379633847
27520000,27530000,0.9,190000,chr15,-0.5112841918110574,1.051527517388957
28350000,28360000,0.9,190000,chr15,-0.2514827531762027,0.7463210693788274
29850000,29860000,0.9,190000,chr15,-0.6543269443585535,0.9875535075953566
31280000,31290000,0.9,190000,chr15,-0.5426608810431034,0.8644348460496465
32880000,32890000,0.9,190000,chr15,-0.6859032743649642,0.9336333125639787
35330000,35340000,0.9,190000,chr15,-1.1170079092593308,1.89255849889891
35660000,35670000,0.9,190000,chr15,-0.29249128645953965,0.7211109894631655
36310000,36320000,0.9,190000,chr15,-0.612856689694417,1.0941143062349152
37070000,37080000,0.9,190000,chr15,-0.5234889941886778,1.1911751542620257
39320000,39330000,0.9,190000,chr15,-0.49479715070850155,0.9532328444101801
39650000,39660000,0.9,190000,chr15,-0.5902803269730352,1.048981283736003
40220000,40230000,0.9,190000,chr15,-0.5740222114352695,0.9505675145264816
41300000,41310000,0.9,190000,chr15,-0.5372916433899051,0.9571622197270384
42130000,42140000,0.9,190000,chr15,-0.48207762112624014,0.9239711291765967
44490000,44500000,0.9,190000,chr15,-0.6336743948739463,0.9894471538313299
45660000,45670000,0.9,190000,chr15,-1.263482406876604,2.1258279408596232
47160000,47170000,0.9,190000,chr15,-1.8421546232463561,2.704500157229375
47310000,47320000,0.9,190000,chr15,-1.4912410224740498,1.210021075186215
300000,310000,0.9,220000,chr16,-0.409557996033672,0.8961665642101286
1340000,1350000,0.9,220000,chr16,-0.41034072102848196,0.9219145977941775
2390000,2400000,0.9,220000,chr16,-0.3979554353197409,0.7873099176644616
4010000,4020000,0.9,220000,chr16,-0.3667325466786453,0.7882335958427391
4520000,4530000,0.9,220000,chr16,-0.6707033047903741,1.3576958913870967
6380000,6390000,0.9,220000,chr16,-0.6525516116176884,1.3207199361321516
6720000,6730000,0.9,220000,chr16,-0.5937763402671309,1.0591871643226645
7240000,7250000,0.9,220000,chr16,-0.45225605468502195,0.819670347880564
7640000,7650000,0.9,220000,chr16,-0.5091790292860849,0.961207349693203
9020000,9030000,0.9,220000,chr16,-0.5355268982392664,1.1532090556353287
9670000,9680000,0.9,220000,chr16,-0.37393149345137044,0.834933631180875
10430000,10440000,0.9,220000,chr16,-0.27489664064133534,0.8440746715933126
10750000,10760000,0.9,220000,chr16,-0.44669804232358856,0.9257360809903112
11290000,11300000,0.9,220000,chr16,-0.47881320012351264,0.7840961362002901
12250000,12260000,0.9,220000,chr16,-0.5022102388471589,1.091934075657557
15070000,15080000,0.9,220000,chr16,-0.29706196691128095,0.8464183872250429
16090000,16100000,0.9,220000,chr16,-0.7569139989827176,1.6725261858089413
17250000,17260000,0.9,220000,chr16,-0.29999811717126845,0.7798069286266153
18960000,18970000,0.9,220000,chr16,-0.4537172349931425,1.0516830434187807
19560000,19570000,0.9,220000,chr16,-0.6963794318789728,1.149125641242427
21430000,21440000,0.9,220000,chr16,-0.340438758902152,0.7851375990678557
22730000,22740000,0.9,220000,chr16,-0.3016731361955916,0.7102986183876131
23880000,23890000,0.9,220000,chr16,-0.8255619117872796,1.4316569890436317
24220000,24230000,0.9,220000,chr16,-0.5324287859225577,0.8940838500843069
24550000,24560000,0.9,220000,chr16,-0.49637424471365293,0.7586068149915167
25940000,25950000,0.9,220000,chr16,-1.1402583572472018,1.8009695985473138
26430000,26440000,0.9,220000,chr16,-0.41448791661087964,0.8211731733321952
27590000,27600000,0.9,220000,chr16,-0.5871930725752367,1.09661187339582
29730000,29740000,0.9,220000,chr16,-0.5705127832915448,0.9744382505375799
30320000,30330000,0.9,220000,chr16,-0.45796582372545097,0.9815225337960025
32640000,32650000,0.9,220000,chr16,-0.49996265528806516,1.1589866797734598
34520000,34530000,0.9,220000,chr16,-0.4803120818053713,1.1387920799135327
35330000,35340000,0.9,220000,chr16,-0.43044618912556126,0.8349446689960449
37880000,37890000,0.9,220000,chr16,-0.4628716255307976,1.1138145361698089
38790000,38800000,0.9,220000,chr16,-0.3229613131694387,0.8308954292366544
40030000,40040000,0.9,220000,chr16,-0.5784173670770814,1.1678654814008875
40340000,40350000,0.9,220000,chr16,-0.6133245694117573,1.149562487539157
41010000,41020000,0.9,220000,chr16,-0.40823053416135624,0.7277994540705852
43320000,43330000,0.9,220000,chr16,-0.6837782816844037,1.0287017342023148
44680000,44690000,0.9,220000,chr16,-1.2324482293897743,1.8311864430039884
46650000,46660000,0.9,220000,chr16,-0.7529602114412896,1.2769739501662665
48280000,48290000,0.9,220000,chr16,-0.5322335860690602,0.8937427465581402
49200000,49210000,0.9,220000,chr16,-0.5547874802838442,0.9603181653346233
51720000,51730000,0.9,220000,chr16,-3.7933223676633987,4.708934554489622
52080000,52090000,0.9,220000,chr16,-2.4818207152500515,2.475197946496147
52500000,52510000,0.9,220000,chr16,-0.726124660515556,1.1990286802214665
54350000,54360000,0.9,220000,chr16,-2.263878311067261,2.907966878042996
54810000,54820000,0.9,220000,chr16,-1.4980154707808895,2.1091350489656446
130000,140000,0.9,110000,chr17,-1.4346834991010475,2.004429378211205
440000,450000,0.9,110000,chr17,-0.45638641028059557,0.9535210993812214
580000,590000,0.9,110000,chr17,-1.4929648267369224,2.230369875432945
850000,860000,0.9,110000,chr17,-0.10865667039225842,0.7952384848007404
950000,960000,0.9,110000,chr17,-0.6257402011125391,1.3298848678271957
1320000,1330000,0.9,110000,chr17,-0.38776171494858563,0.8214117520086344
1970000,1980000,0.9,110000,chr17,-1.2943367090870634,2.0212222866157443
3310000,3320000,0.9,110000,chr17,-1.1188320409793806,1.5956714239815608
4500000,4510000,0.9,110000,chr17,-0.5295001628186264,1.0182872177146725
5070000,5080000,0.9,110000,chr17,-0.49854480856917616,0.9188938668042316
5970000,5980000,0.9,110000,chr17,-0.3838850936398928,0.7966996049234214
8300000,8310000,0.9,110000,chr17,-0.5205604918027958,1.0005640884695128
8980000,8990000,0.9,110000,chr17,-0.49954584402595603,0.9437848056113536
10480000,10490000,0.9,110000,chr17,-0.5271437785621144,0.9176341641616197
10830000,10840000,0.9,110000,chr17,-0.7115859726951689,1.2444714569188493
11150000,11160000,0.9,110000,chr17,-0.6199432700954397,1.115224158596302
11490000,11500000,0.9,110000,chr17,-0.8755588995206848,1.4467595484135964
12720000,12730000,0.9,110000,chr17,-0.5017878818493458,0.8649957779525477
14440000,14450000,0.9,110000,chr17,-0.6639768883324734,1.058856648235952
15200000,15210000,0.9,110000,chr17,-0.48268831138578006,0.8074039572291574
16090000,16100000,0.9,110000,chr17,-0.49214596418572537,0.8845787043133517
16410000,16420000,0.9,110000,chr17,-0.6839787142954433,0.9938902200928268
17280000,17290000,0.9,110000,chr17,-0.5857326416244666,0.8334861978388972
18090000,18100000,0.9,110000,chr17,-0.5965970863897424,0.8325168629702612
18880000,18890000,0.9,110000,chr17,-0.7411768488193231,1.160652981341086
19320000,19330000,0.9,110000,chr17,-0.6627600292397374,0.8566660655974754
21470000,21480000,0.9,110000,chr17,-0.8718297298809109,1.2927650112459954
22520000,22530000,0.9,110000,chr17,-0.6196314518264033,1.0882613072229104
24430000,24440000,0.9,110000,chr17,-0.6480032480375877,1.2404835902466775
24940000,24950000,0.9,110000,chr17,-0.6191249220526555,0.9653445070524589
25620000,25630000,0.9,110000,chr17,-0.5833828857518087,0.8920209129174528
25890000,25900000,0.9,110000,chr17,-0.6326482190671379,1.1428595715479943
26500000,26510000,0.9,110000,chr17,-0.5472169294245182,0.8452208146580433
27970000,27980000,0.9,110000,chr17,-0.5836398909686701,0.9062842122214736
28620000,28630000,0.9,110000,chr17,-0.43290139558783763,0.8670608800018703
29400000,29410000,0.9,110000,chr17,-0.4841715331542421,1.0391572082789753
31820000,31830000,0.9,110000,chr17,-0.507873110546809,0.7986483846173829
32120000,32130000,0.9,110000,chr17,-0.7051969907943032,1.3365380333903198
33420000,33430000,0.9,110000,chr17,-0.5904701755076577,0.8821964644046167
35370000,35380000,0.9,110000,chr17,-0.6814089022393622,1.1099832673152463
36390000,36400000,0.9,110000,chr17,-0.6152178737906256,1.0349365562483395
38020000,38030000,0.9,110000,chr17,-0.4378834509812092,0.9785306545830401
38440000,38450000,0.9,110000,chr17,-0.36549389321844744,0.778060749809974
38940000,38950000,0.9,110000,chr17,-0.7014772299053942,1.2962043072123466
40860000,40870000,0.9,110000,chr17,-0.48357224988563424,0.9500071837197299
41800000,41810000,0.9,110000,chr17,-0.45641083491866036,0.9932067629028665
42430000,42440000,0.9,110000,chr17,-0.7580493202527714,1.4376561792779792
42600000,42610000,0.9,110000,chr17,-0.2780655607786704,0.7734274868152493
43660000,43670000,0.9,110000,chr17,-0.4212761031445613,0.920526396925637
43850000,43860000,0.9,110000,chr17,-0.4974989167007166,0.919308185331168
45590000,45600000,0.9,110000,chr17,-0.4629808469074227,0.8716718939673913
47070000,47080000,0.9,110000,chr17,-1.2983480894358603,1.9869049762381477
47850000,47860000,0.9,110000,chr17,-0.7851968206551314,1.0900768327508703
48920000,48930000,0.9,110000,chr17,-0.5435656647944092,0.9622010977053403
49510000,49520000,0.9,110000,chr17,-0.5068558722755601,1.0572072871150844
50020000,50030000,0.9,110000,chr17,-0.4934088293326991,1.0730368910664312
50650000,50660000,0.9,110000,chr17,-0.4333969327807569,0.9693545724168604
51940000,51950000,0.9,110000,chr17,-0.41670336179899786,0.8499191707477174
52660000,52670000,0.9,110000,chr17,-0.4353768740470503,1.103107800033969
53380000,53390000,0.9,110000,chr17,-2.1498844981708434,2.887289546866866
220000,230000,0.9,180000,chr18,-2.6604104604174235,3.12711070530339
620000,630000,0.9,180000,chr18,-2.6771320557648806,3.296546744048832
880000,890000,0.9,180000,chr18,-0.6385767665045652,0.9710989265764103
1690000,1700000,0.9,180000,chr18,-2.317743302872398,2.1873938679010436
1940000,1950000,0.9,180000,chr18,-2.5642467988006357,3.0464624785117524
2430000,2440000,0.9,180000,chr18,-2.4689147151285344,2.586748003335341
3000000,3010000,0.9,180000,chr18,-1.6164902408424158,1.9350273064306311
3900000,3910000,0.9,180000,chr18,-1.9954468273013215,2.3295651806559197
4310000,4320000,0.9,180000,chr18,-1.2772788261382289,1.5105600389958556
5200000,5210000,0.9,180000,chr18,-2.8869873954515537,3.880827722353583
5720000,5730000,0.9,180000,chr18,-2.839602474278939,2.843909030793286
7640000,7650000,0.9,180000,chr18,-0.6987986596460113,0.9968020690071768
8770000,8780000,0.9,180000,chr18,-0.4366238395775052,0.8397949524097017
10670000,10680000,0.9,180000,chr18,-0.7499612264529019,1.2511324050308978
11570000,11580000,0.9,180000,chr18,-0.6231194245549166,0.8247507073959857
12040000,12050000,0.9,180000,chr18,-0.4824465967983313,0.9098105956554867
13070000,13080000,0.9,180000,chr18,-0.6066375234917637,0.8580229935626743
13350000,13360000,0.9,180000,chr18,-0.9465881035604071,1.7660248351512604
14610000,14620000,0.9,180000,chr18,-0.6390265980736131,1.010355866882442
17760000,17770000,0.9,180000,chr18,-0.46761838484607166,1.1032577061191593
18070000,18080000,0.9,180000,chr18,-0.4546134197208512,1.1944552421955013
19480000,19490000,0.9,180000,chr18,-0.39382671322964236,0.9472671399098823
20080000,20090000,0.9,180000,chr18,-0.3844154756656709,1.069090919900422
20470000,20480000,0.9,180000,chr18,-0.45820046337457276,1.226075505353288
21180000,21190000,0.9,180000,chr18,-0.4042928879068262,1.0905842960200667
22730000,22740000,0.9,180000,chr18,-0.7165866051945812,1.3528317748983698
23380000,23390000,0.9,180000,chr18,-0.4664475707460467,0.9485668147579669
25030000,25040000,0.9,180000,chr18,-0.49423083046516136,1.0185245620180803
25760000,25770000,0.9,180000,chr18,-0.7677685315123399,1.6721224388976965
26420000,26430000,0.9,180000,chr18,-0.49945289591847064,1.1367237001107084
27820000,27830000,0.9,180000,chr18,-0.3795205268228306,0.9129926825193604
30510000,30520000,0.9,180000,chr18,-0.7470024146252009,1.5393764933653336
32630000,32640000,0.9,180000,chr18,-0.48816412510193896,1.0243256167541777
34540000,34550000,0.9,180000,chr18,-0.6917303612121475,1.297523957793746
34910000,34920000,0.9,180000,chr18,-0.33912729899818167,0.8220881675168672
35870000,35880000,0.9,180000,chr18,-0.4002339111226994,0.9287958226421023
37200000,37210000,0.9,180000,chr18,-0.3255981988480336,0.8441398236324977
38190000,38200000,0.9,180000,chr18,-0.5526468618513617,0.8993671860328046
39060000,39070000,0.9,180000,chr18,-0.6279335427594609,1.2228884854651183
39330000,39340000,0.9,180000,chr18,-0.4050906892932359,0.9403774990439331
40470000,40480000,0.9,180000,chr18,-0.6841666393148285,1.2857815379818245
42790000,42800000,0.9,180000,chr18,-0.5502425296019413,1.0734513984601692
43840000,43850000,0.9,180000,chr18,-0.9798225907069409,1.9636687204573988
44340000,44350000,0.9,180000,chr18,-0.7465958305110585,1.740436157413088
48170000,48180000,0.9,180000,chr18,-0.7417371702305416,1.2943287263414827
50520000,50530000,0.9,180000,chr18,-0.6724665801449616,1.1902182760799276
1010000,1020000,0.9,170000,chr19,-0.7612769364357495,1.274400492137456
1860000,1870000,0.9,170000,chr19,-0.34382193600191385,0.8078738768435644
2700000,2710000,0.9,170000,chr19,-1.0247691656809144,1.634511766731101
3520000,3530000,0.9,170000,chr19,-0.26710716564666653,0.7472510170934497
4090000,4100000,0.9,170000,chr19,-0.4842291896622308,0.9277850928570557
4550000,4560000,0.9,170000,chr19,-1.7950263473298709,2.6042567572499298
5610000,5620000,0.9,170000,chr19,-0.38761081229315414,0.8294282040196765
6870000,6880000,0.9,170000,chr19,-0.8064155876975108,1.2587336946037593
7830000,7840000,0.9,170000,chr19,-0.583690603030802,0.7803986902500872
10160000,10170000,0.9,170000,chr19,-0.5545745719154805,1.0013219546307117
11230000,11240000,0.9,170000,chr19,-0.49187070388702603,0.9095958016926773
11840000,11850000,0.9,170000,chr19,-0.4554081924268948,0.7797948837965023
12400000,12410000,0.9,170000,chr19,-0.642065828045229,1.1862740566731993
12960000,12970000,0.9,170000,chr19,-0.42890557179708266,0.7324872932752864
13920000,13930000,0.9,170000,chr19,-0.5888328045772286,0.8931276864259416
14150000,14160000,0.9,170000,chr19,-0.3103965759100126,0.7846722162583896
14470000,14480000,0.9,170000,chr19,-0.8037899729936688,1.4596003569816394
15510000,15520000,0.9,170000,chr19,-0.34214579312594184,0.9881383404619343
16060000,16070000,0.9,170000,chr19,-1.0574099835229271,1.8300152793787974
19000000,19010000,0.9,170000,chr19,-0.5103661679962238,1.0966733799403068
20470000,20480000,0.9,170000,chr19,-0.4994967359300525,0.9104002137375233
20790000,20800000,0.9,170000,chr19,-0.7334671567335376,1.4556286423172509
25790000,25800000,0.9,170000,chr19,-0.3783383820601271,0.8996112288645932
26620000,26630000,0.9,170000,chr19,-0.3585139239665203,0.7586181220988345
27810000,27820000,0.9,170000,chr19,-0.7406359431582842,1.33931350721254
28340000,28350000,0.9,170000,chr19,-0.4701606624190157,0.8564530919562592
29290000,29300000,0.9,170000,chr19,-0.6359061079916072,1.0655594201953957
29850000,29860000,0.9,170000,chr19,-0.8102275634241225,1.0240275705338968
30410000,30420000,0.9,170000,chr19,-0.8802798689373839,1.5403667399246612
30870000,30880000,0.9,170000,chr19,-0.19052901785330761,0.7462547428373376
31560000,31570000,0.9,170000,chr19,-0.40512320618694875,0.8529117951930791
32200000,32210000,0.9,170000,chr19,-0.4516781949050343,0.7990295487727643
32930000,32940000,0.9,170000,chr19,-0.48383551731165825,1.0043032270013117
33870000,33880000,0.9,170000,chr19,-0.47617012610094617,0.8453520450540679
36670000,36680000,0.9,170000,chr19,-0.6404129471191937,1.1745460555700333
38430000,38440000,0.9,170000,chr19,-0.5496226029000069,0.860330124994449
40020000,40030000,0.9,170000,chr19,-0.6014492358812847,0.9012402382276459
40380000,40390000,0.9,170000,chr19,-0.6694978980009404,0.9133769221796159
41250000,41260000,0.9,170000,chr19,-0.8737093808121991,1.2791838551299148
43270000,43280000,0.9,170000,chr19,-1.9923959671180898,2.595645818847495
45950000,45960000,0.9,170000,chr19,-0.5167632661032472,0.9587153018682703
46330000,46340000,0.9,170000,chr19,-0.4983977982894179,0.7749982453303963
47290000,47300000,0.9,170000,chr19,-0.5522269089517146,0.9687741781198116
47960000,47970000,0.9,170000,chr19,-2.9199338797019463,3.7291642896220054
48160000,48170000,0.9,170000,chr19,-1.1252478829507349,1.0471906143531045
1350000,1360000,0.9,140000,chr20,-0.33267823336279456,0.9260496153661045
2060000,2070000,0.9,140000,chr20,-0.41436708844604064,0.7838990223393358
3420000,3430000,0.9,140000,chr20,-0.5458264505138926,0.7949580433358387
3810000,3820000,0.9,140000,chr20,-1.6510370323317898,1.6957309235599285
4210000,4220000,0.9,140000,chr20,-1.7208332016719772,2.307315288428518
4730000,4740000,0.9,140000,chr20,-0.647248773962651,1.0426381094768922
6200000,6210000,0.9,140000,chr20,-0.48046668022541783,0.8280331246589627
7080000,7090000,0.9,140000,chr20,-0.5299100928208028,0.8744850251395586
8050000,8060000,0.9,140000,chr20,-0.69428850092014,0.8882446389040873
9080000,9090000,0.9,140000,chr20,-0.7818828812333335,1.2629107574902632
9780000,9790000,0.9,140000,chr20,-0.34441685862305,0.7900228227479789
10500000,10510000,0.9,140000,chr20,-0.42170743846897035,0.933993714739821
13770000,13780000,0.9,140000,chr20,-0.3876633783101557,0.7865364967884005
16430000,16440000,0.9,140000,chr20,-0.6704552911569361,1.211156830131595
17020000,17030000,0.9,140000,chr20,-1.9216379371297383,2.618200027468273
18360000,18370000,0.9,140000,chr20,-0.4389093002467682,0.9046440944311239
18950000,18960000,0.9,140000,chr20,-0.4991989099645819,0.9268418846135585
19880000,19890000,0.9,140000,chr20,-0.6238461986426193,1.147615467347912
20240000,20250000,0.9,140000,chr20,-0.4201229327840611,0.8650230963808341
21230000,21240000,0.9,140000,chr20,-0.41866669615410246,0.8592765405206688
21550000,21560000,0.9,140000,chr20,-0.4828305067172764,1.084100213661675
22440000,22450000,0.9,140000,chr20,-0.4665794556863812,0.918989572073532
23220000,23230000,0.9,140000,chr20,-0.812206757107487,1.448695585954484
23660000,23670000,0.9,140000,chr20,-0.2899803424295632,0.8193558282092535
23950000,23960000,0.9,140000,chr20,-0.3894954376757415,1.0358745591635516
24170000,24180000,0.9,140000,chr20,-0.6468526716085237,1.2420477348712515
26540000,26550000,0.9,140000,chr20,-0.5935153638673469,1.1695236270701441
26980000,26990000,0.9,140000,chr20,-0.5102864651453811,0.8234505197221309
27650000,27660000,0.9,140000,chr20,-0.3695268054735761,0.7866379937092998
28960000,28970000,0.9,140000,chr20,-0.4443476001467108,1.0379617208845073
29420000,29430000,0.9,140000,chr20,-0.2967019498538891,0.7585930312051592
30370000,30380000,0.9,140000,chr20,-0.7457395008412415,1.4398997877891748
30930000,30940000,0.9,140000,chr20,-0.6632770577531284,1.2834418147172335
32120000,32130000,0.9,140000,chr20,-0.5367273567774699,0.9322408953076597
33170000,33180000,0.9,140000,chr20,-0.6326405460625215,1.1695488576037323
35790000,35800000,0.9,140000,chr20,-0.3410507988314989,0.7695338597305268
36820000,36830000,0.9,140000,chr20,-0.6854625869391301,1.1589440520415422
37450000,37460000,0.9,140000,chr20,-0.5010349513971629,0.9071707039418369
37930000,37940000,0.9,140000,chr20,-0.7219352098744082,1.3740992853966638
38310000,38320000,0.9,140000,chr20,-0.6279034386528803,0.7589567228519918
42220000,42230000,0.9,140000,chr20,-0.6451065097514908,1.1207953944172906
42560000,42570000,0.9,140000,chr20,-0.4495219626009637,0.7581012638212634
43400000,43410000,0.9,140000,chr20,-0.8114419457253739,1.4303617716869286
45360000,45370000,0.9,140000,chr20,-0.4254724134102684,0.7660449592763876
45610000,45620000,0.9,140000,chr20,-0.5781945149159022,1.182822681846213
46320000,46330000,0.9,140000,chr20,-0.45335188941499105,0.9618172164825681
47940000,47950000,0.9,140000,chr20,-0.49990328094663944,0.8914529332230152
48460000,48470000,0.9,140000,chr20,-0.6054966922441491,1.0026438556897324
49100000,49110000,0.9,140000,chr20,-0.6180220302861738,1.122187863177211
49720000,49730000,0.9,140000,chr20,-0.5313808698758988,0.8699420977054355
51060000,51070000,0.9,140000,chr20,-0.6489199581255936,0.9568010733741534
51870000,51880000,0.9,140000,chr20,-0.8016947839389087,1.385531935286117
52880000,52890000,0.9,140000,chr20,-0.9862377655371863,1.280169355174406
53170000,53180000,0.9,140000,chr20,-1.0888028121060127,1.5012785434565594
54140000,54150000,0.9,140000,chr20,-0.6276428721421857,0.806794396061283
54490000,54500000,0.9,140000,chr20,-1.0982226360517167,1.7947847263902512
310000,320000,0.9,190000,chr21,-1.2339747735525672,1.7482560398294862
740000,750000,0.9,190000,chr21,-2.0648247182042776,2.93199297181768
1940000,1950000,0.9,190000,chr21,-0.6301732842158317,0.9537027722686546
2680000,2690000,0.9,190000,chr21,-1.2491695073926004,1.6805222898757854
3230000,3240000,0.9,190000,chr21,-0.7910464014280492,0.9446340356668983
4070000,4080000,0.9,190000,chr21,-0.46945362502621757,0.9593556671682493
5460000,5470000,0.9,190000,chr21,-1.8675499890739422,2.558175772459579
5930000,5940000,0.9,190000,chr21,-0.4529731115762669,0.7978901877365372
7110000,7120000,0.9,190000,chr21,-0.5559815431005322,1.0468963231769917
7610000,7620000,0.9,190000,chr21,-0.42765144261254756,0.8220431486971033
12000000,12010000,0.9,190000,chr21,-0.9283689309459127,1.4417702777275532
13040000,13050000,0.9,190000,chr21,-0.6827629281800762,0.9669036630776793
16990000,17000000,0.9,190000,chr21,-0.9208123789134129,1.4369710101434567
17540000,17550000,0.9,190000,chr21,-0.5780673051834417,1.218121115131812
17950000,17960000,0.9,190000,chr21,-0.5821039228050335,1.1660600976647062
18290000,18300000,0.9,190000,chr21,-0.6830802413294708,1.5135690000984128
19320000,19330000,0.9,190000,chr21,-0.4852799178702365,1.0026814491351437
21350000,21360000,0.9,190000,chr21,-0.3017198146572071,0.8154786634135207
21640000,21650000,0.9,190000,chr21,-0.4298445791146752,1.2322585792616727
23350000,23360000,0.9,190000,chr21,-0.6070722909115163,1.1814285029764438
25850000,25860000,0.9,190000,chr21,-1.6407815011418374,2.4269149722871397
26390000,26400000,0.9,190000,chr21,-0.5516580726079308,1.0890048668367176
28730000,28740000,0.9,190000,chr21,-0.4826248022874545,0.8426562457161484
28970000,28980000,0.9,190000,chr21,-0.3514017545114112,0.9422371763362788
31280000,31290000,0.9,190000,chr21,-0.6321317345971296,1.1719181130289469
32770000,32780000,0.9,190000,chr21,-0.5192849088728332,0.8281531330386217
33470000,33480000,0.9,190000,chr21,-2.1012542101277467,2.9327913972672843
34020000,34030000,0.9,190000,chr21,-0.33023702532171884,0.8047031467336896
34990000,35000000,0.9,190000,chr21,-0.5991075002628652,0.8904218107476228
36380000,36390000,0.9,190000,chr21,-0.6236440627961524,0.8946835413418861
37010000,37020000,0.9,190000,chr21,-0.6932048080326726,1.2005324623294604
37550000,37560000,0.9,190000,chr21,-2.7434862169600236,2.3814707306919964
37910000,37920000,0.9,190000,chr21,-3.481539809830527,4.348708063443929
40350000,40360000,0.9,190000,chr21,-0.5257796793418663,0.8907322364373177
41060000,41070000,0.9,190000,chr21,-1.8888286182601681,2.375319196885618
41840000,41850000,0.9,190000,chr21,-0.5460196577470159,0.9774521580716371
42680000,42690000,0.9,190000,chr21,-0.5358027790913913,0.9139815340561745
44110000,44120000,0.9,190000,chr21,-1.94676678015609,2.441833810359803
44540000,44550000,0.9,190000,chr21,-0.8720612029551394,0.798173013199064
44780000,44790000,0.9,190000,chr21,-1.0439056791237866,1.423843445422773
45670000,45680000,0.9,190000,chr21,-0.33713692456495525,0.9440131427294012
790000,800000,0.9,270000,chr22,-0.9859545438449693,1.5807630145250675
2880000,2890000,0.9,270000,chr22,-0.4856433008370779,0.8454683332928745
3750000,3760000,0.9,270000,chr22,-0.9465346358240228,1.4165751967400029
4270000,4280000,0.9,270000,chr22,-1.185770666581087,2.0762135759828864
4850000,4860000,0.9,270000,chr22,-0.6455727709439936,1.298287221694638
5860000,5870000,0.9,270000,chr22,-0.5525670226132292,0.8217283743507411
8260000,8270000,0.9,270000,chr22,-0.32358541476599545,0.8273337569267941
10040000,10050000,0.9,270000,chr22,-0.5109907720558393,1.0412470405320011
11090000,11100000,0.9,270000,chr22,-0.46986931696893625,0.874602202945143
14070000,14080000,0.9,270000,chr22,-0.4392194600189622,1.1020803892906947
17480000,17490000,0.9,270000,chr22,-0.5658322777893929,0.7984215838511419
18160000,18170000,0.9,270000,chr22,-0.6582582233042018,1.149065169717285
19440000,19450000,0.9,270000,chr22,-0.6604921642860905,1.4623481308414181
22450000,22460000,0.9,270000,chr22,-0.4928892237172862,0.8241067839938461
23060000,23070000,0.9,270000,chr22,-0.6139594371241912,1.24081137451947
23510000,23520000,0.9,270000,chr22,-0.5965002163269008,0.8773592828513082
24520000,24530000,0.9,270000,chr22,-0.6443728898193591,1.3163652162460728
26830000,26840000,0.9,270000,chr22,-0.37767485959544905,0.7999035795838316
30000000,30010000,0.9,270000,chr22,-0.40937286302350684,0.9111573439186879
31090000,31100000,0.9,270000,chr22,-0.5691046691001647,0.9283050458245137
31690000,31700000,0.9,270000,chr22,-0.820758746029484,1.7112016554312832
32190000,32200000,0.9,270000,chr22,-0.45103516831404555,0.8050575147106114
32530000,32540000,0.9,270000,chr22,-0.5023930284687201,1.0201604951774559
33390000,33400000,0.9,270000,chr22,-0.7117994304557339,1.066253456126724
34610000,34620000,0.9,270000,chr22,-0.7630682064972162,1.3565569046512151
36940000,36950000,0.9,270000,chr22,-0.43010249436905335,1.0381616701968595
37840000,37850000,0.9,270000,chr22,-0.4581921825328807,1.1242398167689862
38800000,38810000,0.9,270000,chr22,-0.3624017000727919,0.7941042673670914
1110000,1120000,0.9,110000,chr23,-0.40967526770230517,0.8464908557929542
2100000,2110000,0.9,110000,chr23,-0.42184816459729024,1.3449834625727808
2560000,2570000,0.9,110000,chr23,-2.8486727222030592,2.532870874103925
2670000,2680000,0.9,110000,chr23,-2.9048791265992993,3.82801442457479
4720000,4730000,0.9,110000,chr23,-0.5736266098099956,0.9483903812184998
5390000,5400000,0.9,110000,chr23,-0.5125777999041485,0.872771338549716
5590000,5600000,0.9,110000,chr23,-0.5260465758890629,0.9508024714834725
6760000,6770000,0.9,110000,chr23,-0.5663868490049638,0.8748685332677928
7730000,7740000,0.9,110000,chr23,-0.6603039962640955,0.8947178415582838
8560000,8570000,0.9,110000,chr23,-0.7303055846873278,0.8292791641325433
9210000,9220000,0.9,110000,chr23,-0.7632433468205897,1.283077591243858
9520000,9530000,0.9,110000,chr23,-0.6038987570489985,1.0636762697833257
9940000,9950000,0.9,110000,chr23,-0.39160894432830434,0.9544773192329519
10400000,10410000,0.9,110000,chr23,-0.45387753506934175,1.103264556645811
13540000,13550000,0.9,110000,chr23,-0.3558602953754146,0.8608465221539354
14450000,14460000,0.9,110000,chr23,-0.42652780958500236,0.9321433562181871
15000000,15010000,0.9,110000,chr23,-0.6025778414930055,1.1303817261600333
15980000,15990000,0.9,110000,chr23,-1.2939278927582347,1.9729915053957807
17490000,17500000,0.9,110000,chr23,-0.49367728244676307,0.9160623079962102
18380000,18390000,0.9,110000,chr23,-0.6253156165867799,1.0627693738361135
19480000,19490000,0.9,110000,chr23,-0.5027303435629744,1.0298613217744776
20840000,20850000,0.9,110000,chr23,-0.44355914321289164,0.8502193596278247
21260000,21270000,0.9,110000,chr23,-0.5631366627267566,1.1837989492524605
22960000,22970000,0.9,110000,chr23,-0.3986228294262808,1.138615534323272
23260000,23270000,0.9,110000,chr23,-0.25837242002379207,0.9760632195420655
23460000,23470000,0.9,110000,chr23,-0.5816820241686981,1.1848081973972286
25300000,25310000,0.9,110000,chr23,-0.44422476838835784,0.978102398049221
26500000,26510000,0.9,110000,chr23,-0.3796311389774831,0.9130681778632206
26780000,26790000,0.9,110000,chr23,-0.47525814527357363,1.051064614514025
28690000,28700000,0.9,110000,chr23,-0.5630343903236856,1.1141822512948356
29570000,29580000,0.9,110000,chr23,-0.538835904682494,0.8380094982665175
30690000,30700000,0.9,110000,chr23,-0.6083660942604114,0.8793200796126663
31240000,31250000,0.9,110000,chr23,-0.6522681270732948,1.490483249565612
31910000,31920000,0.9,110000,chr23,-0.48385830797546436,0.8241091822608048
33330000,33340000,0.9,110000,chr23,-0.49598720249383454,0.9911044616852118
34050000,34060000,0.9,110000,chr23,-0.5872902824353954,1.1137454658262111
36930000,36940000,0.9,110000,chr23,-0.4960509236116768,0.9529911626776659
37850000,37860000,0.9,110000,chr23,-0.9803221785697692,1.2213363527422034
38150000,38160000,0.9,110000,chr23,-0.5831281935361767,0.8114985005943673
38810000,38820000,0.9,110000,chr23,-1.1087834998893717,1.8450652945140238
39010000,39020000,0.9,110000,chr23,-0.6826054422228351,1.1975059319781054
39610000,39620000,0.9,110000,chr23,-0.4144980285350427,0.8278129297979859
39950000,39960000,0.9,110000,chr23,-0.4606586605155367,0.862867064142709
40520000,40530000,0.9,110000,chr23,-0.41343083376842443,0.8018069364293052
40940000,40950000,0.9,110000,chr23,-0.6374708227703421,1.1391729503461394
42230000,42240000,0.9,110000,chr23,-0.5819125695355465,0.9947793256117168
43470000,43480000,0.9,110000,chr23,-1.3298930038668226,1.7165783672978012
44430000,44440000,0.9,110000,chr23,-0.7656982575363054,1.1066382411950284
44720000,44730000,0.9,110000,chr23,-0.6919077079772322,1.030361089534674
45500000,45510000,0.9,110000,chr23,-1.3847572867963174,2.2421902363579407
46040000,46050000,0.9,110000,chr23,-0.861003137918781,1.3002705062777884
230000,240000,0.9,160000,chr24,-0.4455109741556954,0.8756180451755542
1160000,1170000,0.9,160000,chr24,-0.4527616100609721,1.030923510711721
2300000,2310000,0.9,160000,chr24,-0.5407977796173803,1.15723922312199
2490000,2500000,0.9,160000,chr24,-0.37202425952680274,0.9568669000242164
3310000,3320000,0.9,160000,chr24,-0.5689751898859643,0.8224102517881825
3990000,4000000,0.9,160000,chr24,-0.6136217225263342,1.1938846121474873
4360000,4370000,0.9,160000,chr24,-0.6076694319709948,1.1530650321098745
4780000,4790000,0.9,160000,chr24,-0.4169657915053224,0.8451533238664781
5200000,5210000,0.9,160000,chr24,-0.4781487306902334,0.8792708635262195
7310000,7320000,0.9,160000,chr24,-0.7664185165146535,1.3336452966109449
8010000,8020000,0.9,160000,chr24,-1.8887663732529874,2.775127540203534
8220000,8230000,0.9,160000,chr24,-1.109045836282924,1.2157881932946375
8570000,8580000,0.9,160000,chr24,-0.823882328718181,1.099372322349262
9900000,9910000,0.9,160000,chr24,-0.585641745136239,1.1413784680299113
11500000,11510000,0.9,160000,chr24,-0.3210196649527873,0.7713898327756763
11910000,11920000,0.9,160000,chr24,-0.4068083361070672,1.2528244453138069
12840000,12850000,0.9,160000,chr24,-0.4679356444988857,1.044061100015591
13730000,13740000,0.9,160000,chr24,-0.4007521872401333,0.9706695330521404
14200000,14210000,0.9,160000,chr24,-0.9187103385645788,1.5346208360605433
14580000,14590000,0.9,160000,chr24,-0.8916964624107442,1.3726601241622396
16270000,16280000,0.9,160000,chr24,-1.3933101039078168,2.252955822487705
16900000,16910000,0.9,160000,chr24,-0.774855448608822,1.1099625001051314
17490000,17500000,0.9,160000,chr24,-0.588220039683714,1.2370442106938269
19310000,19320000,0.9,160000,chr24,-0.37138150128291453,0.8406608139765078
19580000,19590000,0.9,160000,chr24,-0.38713267210848296,0.9685318140123684
21150000,21160000,0.9,160000,chr24,-0.485185782521272,0.9458358875314834
22750000,22760000,0.9,160000,chr24,-0.5683037519562784,1.011937648167211
23660000,23670000,0.9,160000,chr24,-0.6748519650716235,1.3711609374545954
24290000,24300000,0.9,160000,chr24,-0.535751110828851,0.8194443693217527
24710000,24720000,0.9,160000,chr24,-0.5447495083817359,0.8306968089228536
25240000,25250000,0.9,160000,chr24,-0.5829929093146996,0.922212529440416
25750000,25760000,0.9,160000,chr24,-0.5984743416476905,0.9504457728578309
26480000,26490000,0.9,160000,chr24,-0.47139824478206754,0.8700717855389757
27400000,27410000,0.9,160000,chr24,-0.5834655408349227,1.0293849014608223
28250000,28260000,0.9,160000,chr24,-0.4227806293381212,0.971158322996775
31080000,31090000,0.9,160000,chr24,-0.7046041929436182,1.3356483901837701
34370000,34380000,0.9,160000,chr24,-3.6775546831428185,4.563915850093365
34840000,34850000,0.9,160000,chr24,-3.47049467463185,3.7994096460236566
39210000,39220000,0.9,160000,chr24,-0.4363864138836948,0.9319427742504107
41150000,41160000,0.9,160000,chr24,-0.5527286424038987,1.1801273622377004
41660000,41670000,0.9,160000,chr24,-0.3353065416235145,0.8417816479544801
360000,370000,0.9,240000,chr25,-1.7490454616204314,2.5239416611280197
780000,790000,0.9,240000,chr25,-1.241892037861517,1.5717207706697658
1120000,1130000,0.9,240000,chr25,-0.47613230590006383,1.0781851446110715
1660000,1670000,0.9,240000,chr25,-0.21186259790028653,0.6879305305631074
2670000,2680000,0.9,240000,chr25,-0.2618209993976772,0.7425737103194963
3210000,3220000,0.9,240000,chr25,-0.33686306987872655,0.6867005932407111
3790000,3800000,0.9,240000,chr25,-0.3384748643105669,0.6858259334473005
5740000,5750000,0.9,240000,chr25,-0.3645208117546012,0.8156743603939446
6080000,6090000,0.9,240000,chr25,-0.7625922761304386,1.081883064905353
8220000,8230000,0.9,240000,chr25,-0.5918057346771449,0.8561187319475665
10440000,10450000,0.9,240000,chr25,-1.105690207718866,1.7206709876507582
11460000,11470000,0.9,240000,chr25,-0.35675734504629086,0.7393623926552895
13860000,13870000,0.9,240000,chr25,-0.5441581885021163,1.0408443903163627
15790000,15800000,0.9,240000,chr25,-0.29143029761458983,0.7495732255775684
17860000,17870000,0.9,240000,chr25,-0.3928449469565068,0.9804867622523004
20570000,20580000,0.9,240000,chr25,-0.3478522399198072,0.7248526924285448
21190000,21200000,0.9,240000,chr25,-0.572811272775213,1.2529679616054619
22240000,22250000,0.9,240000,chr25,-0.51914424389588,0.9269700565161678
23050000,23060000,0.9,240000,chr25,-0.21539399661858283,0.7277843756072657
24230000,24240000,0.9,240000,chr25,-0.3937983793334328,0.8839748180099906
26910000,26920000,0.9,240000,chr25,-0.545008929985218,1.067743300252792
27680000,27690000,0.9,240000,chr25,-0.4439186645485604,0.7783353771113489
28650000,28660000,0.9,240000,chr25,-0.3810102553407102,0.6853647693444682
29140000,29150000,0.9,240000,chr25,-0.48036440892760696,0.9226147552468209
30120000,30130000,0.9,240000,chr25,-0.5460067536240761,1.1485771936012004
31170000,31180000,0.9,240000,chr25,-0.3998799024554506,0.9320776991389189
32410000,32420000,0.9,240000,chr25,-0.4409015134502031,0.9769479108099133
32870000,32880000,0.9,240000,chr25,-1.443424203838397,2.2183204033459853
33280000,33290000,0.9,240000,chr25,-0.8391705877596741,1.2889073976115966
33960000,33970000,0.9,240000,chr25,-0.4777429505900085,0.833918308275112
34260000,34270000,0.9,240000,chr25,-0.33756452741172943,0.7260702387315299
35150000,35160000,0.9,240000,chr25,-0.9712262346457077,1.498912644252771
36520000,36530000,0.9,240000,chr25,-0.6646906947286237,0.9381836449118266
37070000,37080000,0.9,240000,chr25,-0.6334557119657138,1.1234228039921712
